Population-name,Population,Transect,Individual,Elevation,Treatment,thermal-limit,CT-value,TL,BL,STAGE,Year,Days,Month,HabTemp,sdhab
Jubones,200m,Transect1,JUBHTX001,P1,28C,Ctmax,39.3,19,5,25,Y2014,8,April,23.49904,0.50666972
Jubones,200m,Transect1,JUBHTX002,P1,28C,Ctmax,38.8,17,6,26,Y2014,8,April,23.49904,0.50666972
Jubones,200m,Transect1,JUBHTX003,P1,28C,Ctmax,39.9,17,6,26,Y2014,8,April,23.49904,0.50666972
Jubones,200m,Transect1,JUBHTX005,P1,28C,Ctmax,39.7,21,4.5,25,Y2014,8,April,23.49904,0.50666972
Jubones,200m,Transect1,JUBHTX006,P1,28C,Ctmax,39.8,19,5.5,25,Y2014,8,April,23.49904,0.50666972
Jubones,200m,Transect1,JUBHTX007,P1,28C,Ctmax,39.3,18,4.5,25,Y2014,8,April,23.49904,0.50666972
Jubones,200m,Transect1,JUBHTX008,P1,28C,Ctmax,40.2,17,6.5,28,Y2014,8,April,23.49904,0.50666972
Jubones,200m,Transect1,JUBHTX009,P1,28C,Ctmax,38.9,16,4,25,Y2014,9,April,23.49904,0.50666972
Jubones,200m,Transect1,JUBHTX010,P1,28C,Ctmax,38.6,14,4,25,Y2014,9,April,23.49904,0.50666972
Jubones,200m,Transect1,JUBHTX011,P1,28C,Ctmax,39.9,15,5,26,Y2014,9,January,23.49904,0.50666972
Jubones,200m,Transect1,JUBHTX013,P1,28C,Ctmax,40.3,15,4,25,Y2015,9,January,23.49904,0.50666972
Jubones,200m,Transect1,JUBHTX014,P1,28C,Ctmax,40.1,13,4.5,25,Y2015,9,January,23.49904,0.50666972
Jubones,200m,Transect1,JUBHTX018,P1,28C,Ctmax,40,18,5,26,Y2015,9,January,23.49904,0.50666972
Jubones,200m,Transect1,JUBHTX019,P1,28C,Ctmax,39.9,19,6,30,Y2015,9,January,23.49904,0.50666972
Jubones,200m,Transect1,JUBHTX020,P1,28C,Ctmax,39.7,18,6,26,Y2015,9,January,23.49904,0.50666972
Jubones,200m,Transect1,JUBHTX023,P1,28C,Ctmax,40.3,17,5,26,Y2015,9,January,23.49904,0.50666972
Jubones,200m,Transect1,JUBHTX025,P1,28C,Ctmax,40.5,17,4.5,25,Y2015,9,January,23.49904,0.50666972
Jubones,200m,Transect1,JUBHTX026,P1,28C,Ctmax,40.4,14,4.5,26,Y2015,9,January,23.49904,0.50666972
Jubones,200m,Transect1,JUBHTX029,P1,28C,Ctmax,39.9,18,6,28,Y2015,9,January,23.49904,0.50666972
Jubones,200m,Transect1,JUBHTX030,P1,28C,Ctmax,39.7,17,5,26,Y2015,9,January,23.49904,0.50666972
Jubones,200m,Transect1,JUBHTX031,P1,28C,Ctmax,39.3,17,5,26,Y2015,9,January,23.49904,0.50666972
Jubones,200m,Transect1,JUBHTX032,P1,28C,Ctmax,40.1,17,6,28,Y2015,9,January,23.49904,0.50666972
Jubones,200m,Transect1,JUBHTX033,P1,28C,Ctmax,39.8,16,5,27,Y2015,9,January,23.49904,0.50666972
Jubones,200m,Transect1,JUBHTX034,P1,28C,Ctmax,39.9,17,5,28,Y2015,9,January,23.49904,0.50666972
Jubones,200m,Transect1,JUBHTX035,P1,28C,Ctmax,40.2,15,5,25,Y2015,9,January,23.49904,0.50666972
Jubones,200m,Transect1,JUBHTX036,P1,28C,Ctmax,40.3,17,5,28,Y2015,9,January,23.49904,0.50666972
Jubones,200m,Transect1,JUBHTX037,P1,28C,Ctmax,39.8,19,5.5,30,Y2015,9,January,23.49904,0.50666972
Jubones,200m,Transect1,JUBHTX038,P1,28C,Ctmax,40.7,18,5,25,Y2015,9,January,23.49904,0.50666972
Jubones,200m,Transect1,JUBHTX040,P1,28C,Ctmax,40.1,13,4,25,Y2015,9,January,23.49904,0.50666972
Jubones,200m,Transect1,JUBLTX001,P1,20C,Ctmax,38,16,5,26,Y2015,10,April,23.49904,0.50666972
Jubones,200m,Transect1,JUBLTX002,P1,20C,Ctmax,38.3,15,5,25,Y2015,10,April,23.49904,0.50666972
Jubones,200m,Transect1,JUBLTX003,P1,20C,Ctmax,38.7,15,5,28,Y2015,10,April,23.49904,0.50666972
Jubones,200m,Transect1,JUBLTX004,P1,20C,Ctmax,38.2,14,4.5,25,Y2015,10,April,23.49904,0.50666972
Jubones,200m,Transect1,JUBLTX005,P1,20C,Ctmax,38.4,18,6,28,Y2015,10,April,23.49904,0.50666972
Jubones,200m,Transect1,JUBLTX006,P1,20C,Ctmax,37.7,20,4,25,Y2015,10,April,23.49904,0.50666972
Jubones,200m,Transect1,JUBLTX007,P1,20C,Ctmax,38.8,15,5,25,Y2015,10,April,23.49904,0.50666972
Jubones,200m,Transect1,JUBLTX008,P1,20C,Ctmax,38.4,16,6,25,Y2015,10,April,23.49904,0.50666972
Jubones,200m,Transect1,JUBLTX009,P1,20C,Ctmax,38.9,17,5,28,Y2015,8,January,23.49904,0.50666972
Jubones,200m,Transect1,JUBLTX010,P1,20C,Ctmax,39,12,4,25,Y2015,8,January,23.49904,0.50666972
Jubones,200m,Transect1,JUBLTX011,P1,20C,Ctmax,38.8,10,3,25,Y2015,8,January,23.49904,0.50666972
Jubones,200m,Transect1,JUBLTX012,P1,20C,Ctmax,39.1,19,6,28,Y2015,8,January,23.49904,0.50666972
Jubones,200m,Transect1,JUBLTX013,P1,20C,Ctmax,38.6,13,4,25,Y2015,8,January,23.49904,0.50666972
Jubones,200m,Transect1,JUBLTX014,P1,20C,Ctmax,38.7,11,4.5,25,Y2015,8,January,23.49904,0.50666972
Jubones,200m,Transect1,JUBLTX015,P1,20C,Ctmax,38.3,12,3,25,Y2015,8,January,23.49904,0.50666972
Jubones,200m,Transect1,JUBLTX016,P1,20C,Ctmax,38.1,9,3.5,25,Y2015,8,January,23.49904,0.50666972
Jubones,200m,Transect1,JUBLTX017,P1,20C,Ctmax,38.9,12,4.5,25,Y2015,8,January,23.49904,0.50666972
Jubones,200m,Transect1,JUBLTX018,P1,20C,Ctmax,38.8,15,5,25,Y2015,8,January,23.49904,0.50666972
Jubones,200m,Transect1,JUBLTX019,P1,20C,Ctmax,38.6,23,8,36,Y2015,8,January,23.49904,0.50666972
Jubones,200m,Transect1,JUBLTX020,P1,20C,Ctmax,37.9,15,5,26,Y2015,8,January,23.49904,0.50666972
Jubones,200m,Transect1,JUBLTX021,P1,20C,Ctmax,38.9,15,4.5,25,Y2015,8,January,23.49904,0.50666972
Jubones,200m,Transect1,JUBLTX022,P1,20C,Ctmax,39,7,4.4,25,Y2015,8,January,23.49904,0.50666972
Jubones,200m,Transect1,JUBLTX023,P1,20C,Ctmax,38.3,15,5,27,Y2015,8,January,23.49904,0.50666972
Jubones,200m,Transect1,JUBLTX025,P1,20C,Ctmax,39,10,3,25,Y2015,8,January,23.49904,0.50666972
Jubones,200m,Transect1,JUBLTX026,P1,20C,Ctmax,39.3,18,7.5,28,Y2015,8,January,23.49904,0.50666972
Jubones,200m,Transect1,JUBLTX028,P1,20C,Ctmax,38.8,16,5.5,26,Y2015,8,January,23.49904,0.50666972
Jubones,200m,Transect1,JUBLTX029,P1,20C,Ctmax,39.3,12,4.5,25,Y2015,8,January,23.49904,0.50666972
Jubones,200m,Transect1,JUBLTX030,P1,20C,Ctmax,38.2,9,4,25,Y2015,8,January,23.49904,0.50666972
Jubones,200m,Transect1,JUBLTX033,P1,20C,Ctmax,38.3,16.5,5,26,Y2015,8,January,23.49904,0.50666972
Jubones,200m,Transect1,JUBLTX034,P1,20C,Ctmax,38.9,16.5,5.5,27,Y2015,8,January,23.49904,0.50666972
Jubones,200m,Transect1,JUBLTX035,P1,20C,Ctmax,39.3,12,4.4,25,Y2015,8,January,23.49904,0.50666972
Jubones,200m,Transect1,JUBLTX038,P1,20C,Ctmax,38.7,12,4,25,Y2015,9,January,23.49904,0.50666972
Jubones,200m,Transect1,JUBLTX039,P1,20C,Ctmax,38.9,13,5,25,Y2015,9,January,23.49904,0.50666972
Jubones,200m,Transect1,JUBLTX040,P1,20C,Ctmax,37.8,12,4.5,25,Y2015,9,January,23.49904,0.50666972
Jubones,200m,Transect1,JUBLTX041,P1,20C,Ctmax,38.5,12,4,25,Y2015,9,January,23.49904,0.50666972
Jubones,200m,Transect1,JUBMIDX001,P1,24C,Ctmax,39.1,17,5,25,Y2014,11,April,23.49904,0.50666972
Jubones,200m,Transect1,JUBMIDX002,P1,24C,Ctmax,38.3,15,5,25,Y2014,11,April,23.49904,0.50666972
Jubones,200m,Transect1,JUBMIDX003,P1,24C,Ctmax,39.7,17,5,28,Y2014,11,April,23.49904,0.50666972
Jubones,200m,Transect1,JUBMIDX004,P1,24C,Ctmax,39.4,14,5,26,Y2014,11,April,23.49904,0.50666972
Jubones,200m,Transect1,JUBMIDX007,P1,24C,Ctmax,39.4,19,6,28,Y2014,11,April,23.49904,0.50666972
Jubones,200m,Transect1,JUBMIDX008,P1,24C,Ctmax,38.2,14,4,25,Y2014,11,April,23.49904,0.50666972
Jubones,200m,Transect1,JUBMIDX009,P1,24C,Ctmax,39.8,15,5,26,Y2014,11,April,23.49904,0.50666972
Jubones,200m,Transect1,JUBMIDX010,P1,24C,Ctmax,40,12,5,25,Y2014,11,April,23.49904,0.50666972
Jubones,200m,Transect1,JUBMIDX011,P1,24C,Ctmax,40,14,5,25,Y2014,11,April,23.49904,0.50666972
Jubones,200m,Transect1,JUBMIDX012,P1,24C,Ctmax,40,18,6.5,28,Y2014,11,April,23.49904,0.50666972
Jubones,200m,Transect1,JUBMIDX013,P1,24C,Ctmax,39.8,18,6,29,Y2014,11,April,23.49904,0.50666972
Jubones,200m,Transect1,JUBMIDX014,P1,24C,Ctmax,40,15,5,27,Y2014,11,April,23.49904,0.50666972
Jubones,200m,Transect1,JUBMIDX015,P1,24C,Ctmax,39.3,17,6,25,Y2014,11,April,23.49904,0.50666972
Jubones,200m,Transect1,JUBMIDX016,P1,24C,Ctmax,40.2,15,5.5,26,Y2014,11,April,23.49904,0.50666972
Jubones,200m,Transect1,JUBMIDX017,P1,24C,Ctmax,40.2,16,6,27,Y2014,12,April,23.49904,0.50666972
Jubones,200m,Transect1,JUBMIDX018,P1,24C,Ctmax,39.9,17,6,27,Y2014,12,April,23.49904,0.50666972
Jubones,200m,Transect1,JUBMIDX019,P1,24C,Ctmax,40.2,16,5.5,27,Y2014,12,April,23.49904,0.50666972
Jubones,200m,Transect1,JUBMIDX021,P1,24C,Ctmax,39.7,14,4.5,25,Y2014,13,April,23.49904,0.50666972
Jubones,200m,Transect1,JUBMIDX022,P1,24C,Ctmax,40.3,12,4,25,Y2014,13,April,23.49904,0.50666972
Jubones,200m,Transect1,JUBMIDX023,P1,24C,Ctmax,40.2,14,6,28,Y2014,13,April,23.49904,0.50666972
Jubones,200m,Transect1,JUBMIDX024,P1,24C,Ctmax,39.1,14,5,25,Y2014,13,April,23.49904,0.50666972
Jubones,200m,Transect1,JUBMIDX025,P1,24C,Ctmax,39.8,13,4,25,Y2014,13,April,23.49904,0.50666972
Jubones,200m,Transect1,JUBMIDX026,P1,24C,Ctmax,39.2,16,5,25,Y2014,13,April,23.49904,0.50666972
Jubones,200m,Transect1,JUBMIDX027,P1,24C,Ctmax,39.5,20,4.5,26,Y2015,10,January,23.49904,0.50666972
Jubones,200m,Transect1,JUBMIDX028,P1,24C,Ctmax,39.2,17,5.5,27,Y2015,10,January,23.49904,0.50666972
Jubones,200m,Transect1,JUBMIDX029,P1,24C,Ctmax,39.2,18,6,27,Y2015,10,January,23.49904,0.50666972
Jubones,200m,Transect1,JUBMIDX031,P1,24C,Ctmax,38.7,11,4,25,Y2015,10,January,23.49904,0.50666972
Jubones,200m,Transect1,JUBMIDX032,P1,24C,Ctmax,39.2,20,6.5,29,Y2015,10,January,23.49904,0.50666972
Jubones,200m,Transect1,JUBMIDX033,P1,24C,Ctmax,39,14,5,25,Y2015,10,January,23.49904,0.50666972
Jubones,200m,Transect1,JUBMIDX034,P1,24C,Ctmax,39,7,4,25,Y2015,10,January,23.49904,0.50666972
Jubones,200m,Transect1,JUBMIDX035,P1,24C,Ctmax,38.6,9,4,25,Y2015,10,January,23.49904,0.50666972
Jubones,200m,Transect1,JUBMIDX036,P1,24C,Ctmax,39,21.5,7,30,Y2015,10,January,23.49904,0.50666972
Jubones,200m,Transect1,JUBMIDX037,P1,24C,Ctmax,39.1,16,5.5,26,Y2015,10,January,23.49904,0.50666972
Jubones,200m,Transect1,JUBMIDX038,P1,24C,Ctmax,38.3,10.5,4.5,25,Y2015,10,January,23.49904,0.50666972
SanSebastian,800m,Transect1,SEBHTX001,P3,28C,Ctmax,39.6,19,6,27,Y2014,9,April,22.22894,0.0251347
SanSebastian,800m,Transect1,SEBHTX002,P3,28C,Ctmax,38.7,17,6,25,Y2014,9,April,22.22894,0.0251347
SanSebastian,800m,Transect1,SEBHTX003,P3,28C,Ctmax,39.7,19,6.5,30,Y2015,9,February,22.22894,0.0251347
SanSebastian,800m,Transect1,SEBHTX004,P3,28C,Ctmax,40.1,18.5,5.5,28,Y2015,9,February,22.22894,0.0251347
SanSebastian,800m,Transect1,SEBHTX005,P3,28C,Ctmax,40,18.5,6,32,Y2015,9,February,22.22894,0.0251347
SanSebastian,800m,Transect1,SEBHTX006,P3,28C,Ctmax,40.1,18.5,6,26,Y2015,9,February,22.22894,0.0251347
SanSebastian,800m,Transect1,SEBHTX007,P3,28C,Ctmax,40,18.5,5.5,27,Y2015,9,February,22.22894,0.0251347
SanSebastian,800m,Transect1,SEBHTX008,P3,28C,Ctmax,40.2,18,5.6,28,Y2015,9,February,22.22894,0.0251347
SanSebastian,800m,Transect1,SEBHTX009,P3,28C,Ctmax,40.3,19,7,28,Y2015,9,February,22.22894,0.0251347
SanSebastian,800m,Transect1,SEBHTX011,P3,28C,Ctmax,40.2,21,8,31,Y2015,9,February,22.22894,0.0251347
SanSebastian,800m,Transect1,SEBHTX012,P3,28C,Ctmax,40,17.5,6,25,Y2015,9,February,22.22894,0.0251347
SanSebastian,800m,Transect1,SEBHTX013,P3,28C,Ctmax,40.4,21.5,5,26,Y2015,9,February,22.22894,0.0251347
SanSebastian,800m,Transect1,SEBHTX014,P3,28C,Ctmax,40.4,20,6.5,29,Y2015,9,February,22.22894,0.0251347
SanSebastian,800m,Transect1,SEBHTX015,P3,28C,Ctmax,40.4,20,7.5,31,Y2015,9,February,22.22894,0.0251347
SanSebastian,800m,Transect1,SEBHTX016,P3,28C,Ctmax,40.4,17,6,26,Y2015,9,February,22.22894,0.0251347
SanSebastian,800m,Transect1,SEBHTX017,P3,28C,Ctmax,40.3,19,6.5,34,Y2015,9,February,22.22894,0.0251347
SanSebastian,800m,Transect1,SEBHTX018,P3,28C,Ctmax,40.4,14.5,5,25,Y2015,9,February,22.22894,0.0251347
SanSebastian,800m,Transect1,SEBHTX019,P3,28C,Ctmax,40.5,16,NA,28,Y2015,9,March,22.22894,0.0251347
SanSebastian,800m,Transect1,SEBHTX020,P3,28C,Ctmax,40.6,19,7,28,Y2015,9,March,22.22894,0.0251347
SanSebastian,800m,Transect1,SEBHTX021,P3,28C,Ctmax,40.5,16,6,26,Y2015,9,March,22.22894,0.0251347
SanSebastian,800m,Transect1,SEBHTX022,P3,28C,Ctmax,40.2,16,6,26,Y2015,9,March,22.22894,0.0251347
SanSebastian,800m,Transect1,SEBHTX023,P3,28C,Ctmax,40.2,17,7,27,Y2015,9,March,22.22894,0.0251347
SanSebastian,800m,Transect1,SEBHTX024,P3,28C,Ctmax,40.4,NA,NA,NA,Y2015,9,March,22.22894,0.0251347
SanSebastian,800m,Transect1,SEBHTX025,P3,28C,Ctmax,40.3,NA,NA,NA,Y2015,9,March,22.22894,0.0251347
SanSebastian,800m,Transect1,SEBHTX026,P3,28C,Ctmax,40.6,NA,NA,NA,Y2015,9,March,22.22894,0.0251347
SanSebastian,800m,Transect1,SEBHTX027,P3,28C,Ctmax,39.8,NA,NA,NA,Y2015,9,March,22.22894,0.0251347
SanSebastian,800m,Transect1,SEBHTX028,P3,28C,Ctmax,39.9,NA,NA,NA,Y2015,9,March,22.22894,0.0251347
SanSebastian,800m,Transect1,SEBHTX029,P3,28C,Ctmax,40,NA,NA,NA,Y2015,9,March,22.22894,0.0251347
SanSebastian,800m,Transect1,SEBHTX030,P3,28C,Ctmax,40,NA,NA,NA,Y2015,9,March,22.22894,0.0251347
SanSebastian,800m,Transect1,SEBLTX001,P3,20C,Ctmax,37.2,21,8,29,Y2014,9,April,22.22894,0.0251347
SanSebastian,800m,Transect1,SEBLTX003,P3,20C,Ctmax,37.1,22,8,31,Y2014,9,April,22.22894,0.0251347
SanSebastian,800m,Transect1,SEBLTX008,P3,20C,Ctmax,37.1,24,8,28,Y2014,9,April,22.22894,0.0251347
SanSebastian,800m,Transect1,SEBLTX009,P3,20C,Ctmax,37.2,19,7,29,Y2014,10,April,22.22894,0.0251347
SanSebastian,800m,Transect1,SEBLTX010,P3,20C,Ctmax,37.7,18,7,28,Y2014,10,April,22.22894,0.0251347
SanSebastian,800m,Transect1,SEBLTX011,P3,20C,Ctmax,38.2,14,4,26,Y2015,8,February,22.22894,0.0251347
SanSebastian,800m,Transect1,SEBLTX012,P3,20C,Ctmax,38.4,20,6.5,28,Y2015,8,February,22.22894,0.0251347
SanSebastian,800m,Transect1,SEBLTX013,P3,20C,Ctmax,38.7,17.5,5.5,27,Y2015,8,February,22.22894,0.0251347
SanSebastian,800m,Transect1,SEBLTX014,P3,20C,Ctmax,38.8,16,6,27,Y2015,8,February,22.22894,0.0251347
SanSebastian,800m,Transect1,SEBLTX015,P3,20C,Ctmax,39.2,16.5,5.5,27,Y2015,8,February,22.22894,0.0251347
SanSebastian,800m,Transect1,SEBLTX016,P3,20C,Ctmax,39.4,13.5,5,27,Y2015,8,February,22.22894,0.0251347
SanSebastian,800m,Transect1,SEBLTX017,P3,20C,Ctmax,39.1,19,6.5,31,Y2015,8,February,22.22894,0.0251347
SanSebastian,800m,Transect1,SEBLTX018,P3,20C,Ctmax,39.1,13,5,25,Y2015,8,February,22.22894,0.0251347
SanSebastian,800m,Transect1,SEBLTX019,P3,20C,Ctmax,38.8,21.5,7,35,Y2015,8,February,22.22894,0.0251347
SanSebastian,800m,Transect1,SEBLTX020,P3,20C,Ctmax,38.1,17,5.5,30,Y2015,8,February,22.22894,0.0251347
SanSebastian,800m,Transect1,SEBLTX021,P3,20C,Ctmax,38.7,23,7.5,35,Y2015,8,February,22.22894,0.0251347
SanSebastian,800m,Transect1,SEBLTX022,P3,20C,Ctmax,38.5,15,5.5,25,Y2015,8,February,22.22894,0.0251347
SanSebastian,800m,Transect1,SEBLTX023,P3,20C,Ctmax,39.1,17,5.5,27,Y2015,8,February,22.22894,0.0251347
SanSebastian,800m,Transect1,SEBLTX024,P3,20C,Ctmax,39.1,15,5,26,Y2015,8,February,22.22894,0.0251347
SanSebastian,800m,Transect1,SEBLTX025,P3,20C,Ctmax,38.8,11,4,25,Y2015,8,February,22.22894,0.0251347
SanSebastian,800m,Transect1,SEBLTX026,P3,20C,Ctmax,38.6,12,4.5,25,Y2015,8,February,22.22894,0.0251347
SanSebastian,800m,Transect1,SEBLTX027,P3,20C,Ctmax,38.2,18,7,26,Y2015,8,February,22.22894,0.0251347
SanSebastian,800m,Transect1,SEBLTX028,P3,20C,Ctmax,39.2,12,5,25,Y2015,9,March,22.22894,0.0251347
SanSebastian,800m,Transect1,SEBLTX029,P3,20C,Ctmax,39.3,21,8,31,Y2015,9,March,22.22894,0.0251347
SanSebastian,800m,Transect1,SEBLTX030,P3,20C,Ctmax,39.8,13,6,25,Y2015,9,March,22.22894,0.0251347
SanSebastian,800m,Transect1,SEBLTX031,P3,20C,Ctmax,38.9,18,7,27,Y2015,9,March,22.22894,0.0251347
SanSebastian,800m,Transect1,SEBLTX032,P3,20C,Ctmax,38.6,13,6,26,Y2015,9,March,22.22894,0.0251347
SanSebastian,800m,Transect1,SEBLTX033,P3,20C,Ctmax,39,17,6,26,Y2015,9,March,22.22894,0.0251347
SanSebastian,800m,Transect1,SEBLTX034,P3,20C,Ctmax,38.8,20,7,28,Y2015,9,March,22.22894,0.0251347
SanSebastian,800m,Transect1,SEBMIDX001,P3,24C,Ctmax,38.9,20,7,27,Y2014,12,April,22.22894,0.0251347
SanSebastian,800m,Transect1,SEBMIDX002,P3,24C,Ctmax,38.6,22,8,28,Y2014,12,April,22.22894,0.0251347
SanSebastian,800m,Transect1,SEBMIDX003,P3,24C,Ctmax,39,17,7,26,Y2014,12,April,22.22894,0.0251347
SanSebastian,800m,Transect1,SEBMIDX004,P3,24C,Ctmax,39,17,6,25,Y2014,12,April,22.22894,0.0251347
SanSebastian,800m,Transect1,SEBMIDX005,P3,24C,Ctmax,39.8,20,8,33,Y2014,12,April,22.22894,0.0251347
SanSebastian,800m,Transect1,SEBMIDX006,P3,24C,Ctmax,39.9,12,5,25,Y2014,12,April,22.22894,0.0251347
SanSebastian,800m,Transect1,SEBMIDX009,P3,24C,Ctmax,38.8,16,6,27,Y2015,8,February,22.22894,0.0251347
SanSebastian,800m,Transect1,SEBMIDX010,P3,24C,Ctmax,39.2,17,6.5,27,Y2015,8,February,22.22894,0.0251347
SanSebastian,800m,Transect1,SEBMIDX011,P3,24C,Ctmax,39.3,17,7,27,Y2015,8,February,22.22894,0.0251347
SanSebastian,800m,Transect1,SEBMIDX012,P3,24C,Ctmax,39,12,4,25,Y2015,8,February,22.22894,0.0251347
SanSebastian,800m,Transect1,SEBMIDX013,P3,24C,Ctmax,38.9,16,6,27,Y2015,8,February,22.22894,0.0251347
SanSebastian,800m,Transect1,SEBMIDX014,P3,24C,Ctmax,39.4,13,5,25,Y2015,8,February,22.22894,0.0251347
SanSebastian,800m,Transect1,SEBMIDX015,P3,24C,Ctmax,39.3,14.5,6,26,Y2015,8,February,22.22894,0.0251347
SanSebastian,800m,Transect1,SEBMIDX016,P3,24C,Ctmax,38.4,7,3,25,Y2015,8,February,22.22894,0.0251347
SanSebastian,800m,Transect1,SEBMIDX017,P3,24C,Ctmax,39,21.5,8,37,Y2015,8,February,22.22894,0.0251347
SanSebastian,800m,Transect1,SEBMIDX018,P3,24C,Ctmax,39.1,16,6,26,Y2015,8,February,22.22894,0.0251347
SanSebastian,800m,Transect1,SEBMIDX019,P3,24C,Ctmax,38.8,18,6,30,Y2015,8,February,22.22894,0.0251347
SanSebastian,800m,Transect1,SEBMIDX020,P3,24C,Ctmax,39.4,14,6,26,Y2015,8,February,22.22894,0.0251347
SanSebastian,800m,Transect1,SEBMIDX021,P3,24C,Ctmax,38.7,9,4,25,Y2015,8,February,22.22894,0.0251347
SanSebastian,800m,Transect1,SEBMIDX022,P3,24C,Ctmax,39.3,20,7,30,Y2015,8,February,22.22894,0.0251347
SanSebastian,800m,Transect1,SEBMIDX023,P3,24C,Ctmax,39.1,9,4,25,Y2015,8,February,22.22894,0.0251347
SanSebastian,800m,Transect1,SEBMIDX024,P3,24C,Ctmax,37.9,9,3,25,Y2015,8,February,22.22894,0.0251347
Zharug,1600m,Transect1,ZHAHTX001,P5,28C,Ctmax,38.5,20,6,26,Y2014,9,April,17.92014,0.72699787
Zharug,1600m,Transect1,ZHAHTX002,P5,28C,Ctmax,39,21,6,26,Y2014,9,April,17.92014,0.72699787
Zharug,1600m,Transect1,ZHAHTX003,P5,28C,Ctmax,38.6,18,6,25,Y2014,9,April,17.92014,0.72699787
Zharug,1600m,Transect1,ZHAHTX005,P5,28C,Ctmax,39.3,12,4.5,25,Y2014,9,April,17.92014,0.72699787
Zharug,1600m,Transect1,ZHAHTX006,P5,28C,Ctmax,39.1,17.5,4.5,25,Y2014,9,April,17.92014,0.72699787
Zharug,1600m,Transect1,ZHAHTX007,P5,28C,Ctmax,38.2,19,7,29,Y2014,9,April,17.92014,0.72699787
Zharug,1600m,Transect1,ZHAHTX008,P5,28C,Ctmax,39.5,15,5,25,Y2014,9,April,17.92014,0.72699787
Zharug,1600m,Transect1,ZHAHTX009,P5,28C,Ctmax,39.1,16,5,25,Y2014,9,April,17.92014,0.72699787
Zharug,1600m,Transect1,ZHAHTX010,P5,28C,Ctmax,39.4,18,6,25,Y2014,9,April,17.92014,0.72699787
Zharug,1600m,Transect1,ZHAHTX011,P5,28C,Ctmax,38.8,16,7,26,Y2014,9,April,17.92014,0.72699787
Zharug,1600m,Transect1,ZHAHTX012,P5,28C,Ctmax,39.3,19,7,28,Y2014,9,April,17.92014,0.72699787
Zharug,1600m,Transect1,ZHAHTX013,P5,28C,Ctmax,40.3,19,6,26,Y2015,13,January,17.92014,0.72699787
Zharug,1600m,Transect1,ZHAHTX014,P5,28C,Ctmax,40.3,16,5,25,Y2015,13,January,17.92014,0.72699787
Zharug,1600m,Transect1,ZHAHTX015,P5,28C,Ctmax,40.1,21,8,28,Y2015,13,January,17.92014,0.72699787
Zharug,1600m,Transect1,ZHAHTX016,P5,28C,Ctmax,39.9,20,5,26,Y2015,13,January,17.92014,0.72699787
Zharug,1600m,Transect1,ZHAHTX017,P5,28C,Ctmax,40.3,21,8,28,Y2015,13,January,17.92014,0.72699787
Zharug,1600m,Transect1,ZHAHTX018,P5,28C,Ctmax,40.3,22,8,31,Y2015,13,January,17.92014,0.72699787
Zharug,1600m,Transect1,ZHAHTX019,P5,28C,Ctmax,40.1,19,5,26,Y2015,13,January,17.92014,0.72699787
Zharug,1600m,Transect1,ZHAHTX020,P5,28C,Ctmax,39.9,14,5,25,Y2015,13,January,17.92014,0.72699787
Zharug,1600m,Transect1,ZHAHTX021,P5,28C,Ctmax,40.3,19,7,28,Y2015,13,January,17.92014,0.72699787
Zharug,1600m,Transect1,ZHAHTX022,P5,28C,Ctmax,40.3,19,7,29,Y2015,13,January,17.92014,0.72699787
Zharug,1600m,Transect1,ZHAHTX023,P5,28C,Ctmax,40.5,16,6,26,Y2015,13,January,17.92014,0.72699787
Zharug,1600m,Transect1,ZHAHTX024,P5,28C,Ctmax,39.9,22,8.5,29,Y2015,13,January,17.92014,0.72699787
Zharug,1600m,Transect1,ZHAHTX025,P5,28C,Ctmax,39.9,15,6,26,Y2015,13,January,17.92014,0.72699787
Zharug,1600m,Transect1,ZHAHTX026,P5,28C,Ctmax,40,22,5.6,27,Y2015,13,January,17.92014,0.72699787
Zharug,1600m,Transect1,ZHAHTX027,P5,28C,Ctmax,40.1,18,6.5,26,Y2015,13,January,17.92014,0.72699787
Zharug,1600m,Transect1,ZHAHTX028,P5,28C,Ctmax,40.3,19,6.5,28,Y2015,13,January,17.92014,0.72699787
Zharug,1600m,Transect1,ZHAHTX029,P5,28C,Ctmax,40.4,18,7,27,Y2015,13,January,17.92014,0.72699787
Zharug,1600m,Transect1,ZHAHTX030,P5,28C,Ctmax,39.8,18,6.5,27,Y2015,13,January,17.92014,0.72699787
Zharug,1600m,Transect1,ZHAHTX031,P5,28C,Ctmax,40.2,17,7,26,Y2015,13,January,17.92014,0.72699787
Zharug,1600m,Transect1,ZHAHTX032,P5,28C,Ctmax,40,20,8,27,Y2015,13,January,17.92014,0.72699787
Zharug,1600m,Transect1,ZHAHTX033,P5,28C,Ctmax,40.2,19,7,28,Y2015,13,January,17.92014,0.72699787
Zharug,1600m,Transect1,ZHAHTX034,P5,28C,Ctmax,40.2,18,6.5,26,Y2015,13,January,17.92014,0.72699787
Zharug,1600m,Transect1,ZHAHTX035,P5,28C,Ctmax,40.2,17,7,28,Y2015,13,January,17.92014,0.72699787
Zharug,1600m,Transect1,ZHAHTX036,P5,28C,Ctmax,40,18.5,6,28,Y2015,13,January,17.92014,0.72699787
Zharug,1600m,Transect1,ZHAHTX037,P5,28C,Ctmax,40.2,12.5,5,25,Y2015,13,January,17.92014,0.72699787
Zharug,1600m,Transect1,ZHAHTX038,P5,28C,Ctmax,40.3,18.5,7,27,Y2015,13,January,17.92014,0.72699787
Zharug,1600m,Transect1,ZHAHTX039,P5,28C,Ctmax,40.3,18,6,25,Y2015,13,January,17.92014,0.72699787
Zharug,1600m,Transect1,ZHAHTX040,P5,28C,Ctmax,40,14,5,25,Y2015,13,January,17.92014,0.72699787
Zharug,1600m,Transect1,ZHALTX001,P5,20C,Ctmax,39.2,19,7.5,25,Y2014,10,April,17.92014,0.72699787
Zharug,1600m,Transect1,ZHALTX002,P5,20C,Ctmax,38.7,20,8,30,Y2014,10,April,17.92014,0.72699787
Zharug,1600m,Transect1,ZHALTX004,P5,20C,Ctmax,38.6,20,5.5,25,Y2014,10,April,17.92014,0.72699787
Zharug,1600m,Transect1,ZHALTX005,P5,20C,Ctmax,37.7,19,7,25,Y2014,10,April,17.92014,0.72699787
Zharug,1600m,Transect1,ZHALTX006,P5,20C,Ctmax,38.1,14,5.5,25,Y2014,10,April,17.92014,0.72699787
Zharug,1600m,Transect1,ZHALTX007,P5,20C,Ctmax,38.5,13,5,25,Y2014,10,April,17.92014,0.72699787
Zharug,1600m,Transect1,ZHALTX009,P5,20C,Ctmax,37.8,16,6,27,Y2014,11,April,17.92014,0.72699787
Zharug,1600m,Transect1,ZHALTX010,P5,20C,Ctmax,38.5,18,6,25,Y2014,11,April,17.92014,0.72699787
Zharug,1600m,Transect1,ZHALTX012,P5,20C,Ctmax,38.5,12.5,5,26,Y2014,11,April,17.92014,0.72699787
Zharug,1600m,Transect1,ZHALTX013,P5,20C,Ctmax,38.9,17,6,26,Y2014,11,April,17.92014,0.72699787
Zharug,1600m,Transect1,ZHALTX014,P5,20C,Ctmax,39.1,23,7,32,Y2014,11,April,17.92014,0.72699787
Zharug,1600m,Transect1,ZHALTX015,P5,20C,Ctmax,39.2,19,7.5,32,Y2014,11,April,17.92014,0.72699787
Zharug,1600m,Transect1,ZHALTX016,P5,20C,Ctmax,38.6,17,7,25,Y2014,11,April,17.92014,0.72699787
Zharug,1600m,Transect1,ZHALTX017,P5,20C,Ctmax,39.7,19,7,25,Y2014,11,April,17.92014,0.72699787
Zharug,1600m,Transect1,ZHALTX018,P5,20C,Ctmax,39.5,20,7,28,Y2014,11,April,17.92014,0.72699787
Zharug,1600m,Transect1,ZHALTX019,P5,20C,Ctmax,38.9,19,7,26,Y2014,11,April,17.92014,0.72699787
Zharug,1600m,Transect1,ZHALTX020,P5,20C,Ctmax,38.9,16,5,25,Y2014,11,April,17.92014,0.72699787
Zharug,1600m,Transect1,ZHALTX021,P5,20C,Ctmax,39.4,15.5,NA,25,Y2015,12,January,17.92014,0.72699787
Zharug,1600m,Transect1,ZHALTX022,P5,20C,Ctmax,39.6,13.5,5,25,Y2015,12,January,17.92014,0.72699787
Zharug,1600m,Transect1,ZHALTX023,P5,20C,Ctmax,39.3,17,5,26,Y2015,12,January,17.92014,0.72699787
Zharug,1600m,Transect1,ZHALTX024,P5,20C,Ctmax,37.8,16,5,25,Y2015,12,January,17.92014,0.72699787
Zharug,1600m,Transect1,ZHALTX025,P5,20C,Ctmax,39.3,15,5.5,25,Y2015,12,January,17.92014,0.72699787
Zharug,1600m,Transect1,ZHALTX026,P5,20C,Ctmax,38.4,16,5.5,25,Y2015,12,January,17.92014,0.72699787
Zharug,1600m,Transect1,ZHALTX027,P5,20C,Ctmax,39.2,17,5,26,Y2015,12,January,17.92014,0.72699787
Zharug,1600m,Transect1,ZHALTX028,P5,20C,Ctmax,38.9,15,5.5,27,Y2015,12,January,17.92014,0.72699787
Zharug,1600m,Transect1,ZHALTX029,P5,20C,Ctmax,37.6,12.5,4.5,25,Y2015,12,January,17.92014,0.72699787
Zharug,1600m,Transect1,ZHALTX030,P5,20C,Ctmax,38.4,13,5,25,Y2015,12,January,17.92014,0.72699787
Zharug,1600m,Transect1,ZHALTX031,P5,20C,Ctmax,38,12,5,25,Y2015,12,January,17.92014,0.72699787
Zharug,1600m,Transect1,ZHALTX032,P5,20C,Ctmax,38.9,12,4.5,25,Y2015,12,January,17.92014,0.72699787
Zharug,1600m,Transect1,ZHALTX033,P5,20C,Ctmax,38.9,19,7,29,Y2015,12,January,17.92014,0.72699787
Zharug,1600m,Transect1,ZHALTX034,P5,20C,Ctmax,38.8,14,5,25,Y2015,12,January,17.92014,0.72699787
Zharug,1600m,Transect1,ZHALTX035,P5,20C,Ctmax,38.6,17,6.5,27,Y2015,12,January,17.92014,0.72699787
Zharug,1600m,Transect1,ZHALTX036,P5,20C,Ctmax,38.7,14,5,26,Y2015,12,January,17.92014,0.72699787
Zharug,1600m,Transect1,ZHALTX037,P5,20C,Ctmax,38.3,15,5,25,Y2015,12,January,17.92014,0.72699787
Zharug,1600m,Transect1,ZHALTX038,P5,20C,Ctmax,38.4,15,5,25,Y2015,12,January,17.92014,0.72699787
Zharug,1600m,Transect1,ZHAMIDX001,P5,24C,Ctmax,40.2,15,6,27,Y2014,12,April,17.92014,0.72699787
Zharug,1600m,Transect1,ZHAMIDX002,P5,24C,Ctmax,39.6,20,7,28,Y2014,12,April,17.92014,0.72699787
Zharug,1600m,Transect1,ZHAMIDX003,P5,24C,Ctmax,39.9,19,7,25,Y2014,12,April,17.92014,0.72699787
Zharug,1600m,Transect1,ZHAMIDX004,P5,24C,Ctmax,39.4,10,6,25,Y2014,12,April,17.92014,0.72699787
Zharug,1600m,Transect1,ZHAMIDX005,P5,24C,Ctmax,39.2,11,4,25,Y2014,12,April,17.92014,0.72699787
Zharug,1600m,Transect1,ZHAMIDX006,P5,24C,Ctmax,39.7,22,8,29,Y2014,12,April,17.92014,0.72699787
Zharug,1600m,Transect1,ZHAMIDX007,P5,24C,Ctmax,39.5,18,7,27,Y2014,12,April,17.92014,0.72699787
Zharug,1600m,Transect1,ZHAMIDX008,P5,24C,Ctmax,40.2,18,6,27,Y2014,12,April,17.92014,0.72699787
Zharug,1600m,Transect1,ZHAMIDX009,P5,24C,Ctmax,40.3,15,5.5,25,Y2014,12,April,17.92014,0.72699787
Zharug,1600m,Transect1,ZHAMIDX010,P5,24C,Ctmax,39.2,18,7,25,Y2014,12,April,17.92014,0.72699787
Zharug,1600m,Transect1,ZHAMIDX011,P5,24C,Ctmax,40.1,20,8,34,Y2014,12,April,17.92014,0.72699787
Zharug,1600m,Transect1,ZHAMIDX012,P5,24C,Ctmax,39.5,19,7,26,Y2014,12,April,17.92014,0.72699787
Zharug,1600m,Transect1,ZHAMIDX013,P5,24C,Ctmax,39.9,16,6,26,Y2014,12,April,17.92014,0.72699787
Zharug,1600m,Transect1,ZHAMIDX014,P5,24C,Ctmax,39.9,21,7,30,Y2014,12,April,17.92014,0.72699787
Zharug,1600m,Transect1,ZHAMIDX015,P5,24C,Ctmax,39.7,21,8,33,Y2014,12,April,17.92014,0.72699787
Zharug,1600m,Transect1,ZHAMIDX016,P5,24C,Ctmax,40.2,14,5,25,Y2014,12,April,17.92014,0.72699787
Zharug,1600m,Transect1,ZHAMIDX017,P5,24C,Ctmax,40.1,20,6.5,28,Y2014,12,April,17.92014,0.72699787
Zharug,1600m,Transect1,ZHAMIDX018,P5,24C,Ctmax,39.4,13,5,25,Y2014,12,April,17.92014,0.72699787
Zharug,1600m,Transect1,ZHAMIDX019,P5,24C,Ctmax,39.9,23,8,33,Y2014,12,April,17.92014,0.72699787
Zharug,1600m,Transect1,ZHAMIDX020,P5,24C,Ctmax,39.6,15,6,26,Y2014,12,April,17.92014,0.72699787
Zharug,1600m,Transect1,ZHAMIDX021,P5,24C,Ctmax,39.9,16,5.5,25,Y2014,12,April,17.92014,0.72699787
Zharug,1600m,Transect1,ZHAMIDX022,P5,24C,Ctmax,39.3,17,7,26,Y2014,12,April,17.92014,0.72699787
Zharug,1600m,Transect1,ZHAMIDX023,P5,24C,Ctmax,39.8,18,7,28,Y2014,12,April,17.92014,0.72699787
Zharug,1600m,Transect1,ZHAMIDX024,P5,24C,Ctmax,39.9,18,7,33,Y2014,12,April,17.92014,0.72699787
Zharug,1600m,Transect1,ZHAMIDX025,P5,24C,Ctmax,39.6,16,6,26,Y2014,12,April,17.92014,0.72699787
Zharug,1600m,Transect1,ZHAMIDX026,P5,24C,Ctmax,39.5,17,7,28,Y2014,12,April,17.92014,0.72699787
Zharug,1600m,Transect1,ZHAMIDX027,P5,24C,Ctmax,39.7,13,5,25,Y2014,12,April,17.92014,0.72699787
Zharug,1600m,Transect1,ZHAMIDX028,P5,24C,Ctmax,39.9,19,7,28,Y2014,12,April,17.92014,0.72699787
Zharug,1600m,Transect1,ZHAMIDX029,P5,24C,Ctmax,39.7,17,7,27,Y2014,12,April,17.92014,0.72699787
Zharug,1600m,Transect1,ZHAMIDX030,P5,24C,Ctmax,39.3,17,6.5,25,Y2014,12,April,17.92014,0.72699787
Zharug,1600m,Transect1,ZHAMIDX032,P5,24C,Ctmax,39.3,10.5,5,25,Y2015,13,January,17.92014,0.72699787
Zharug,1600m,Transect1,ZHAMIDX033,P5,24C,Ctmax,39.5,13,4.5,25,Y2015,13,January,17.92014,0.72699787
Zharug,1600m,Transect1,ZHAMIDX034,P5,24C,Ctmax,39.6,15.5,5,25,Y2015,13,January,17.92014,0.72699787
Zharug,1600m,Transect1,ZHAMIDX035,P5,24C,Ctmax,39,13,4.5,25,Y2015,13,January,17.92014,0.72699787
Zharug,1600m,Transect1,ZHAMIDX036,P5,24C,Ctmax,39.9,7,5,25,Y2015,13,January,17.92014,0.72699787
Zharug,1600m,Transect1,ZHAMIDX037,P5,24C,Ctmax,39.7,9,5,25,Y2015,13,January,17.92014,0.72699787
Zharug,1600m,Transect1,ZHAMIDX038,P5,24C,Ctmax,39.5,15,5.5,26,Y2015,13,January,17.92014,0.72699787
Zharug,1600m,Transect1,ZHAMIDX039,P5,24C,Ctmax,39.6,14,5,25,Y2015,13,January,17.92014,0.72699787
Zharug,1600m,Transect1,ZHAMIDX040,P5,24C,Ctmax,39.9,9,6,25,Y2015,13,January,17.92014,0.72699787
Zharug,1600m,Transect1,ZHAMIDX041,P5,24C,Ctmax,39.3,14,5,26,Y2015,13,January,17.92014,0.72699787
Zharug,1600m,Transect1,ZHAMIDX042,P5,24C,Ctmax,39.9,9,5,25,Y2015,13,January,17.92014,0.72699787
Moromoro,900m,Transect2,MORHTX001,P4,28C,Ctmax,40.4,16,6,26,Y2015,11,February,20.71414,0.36155088
Moromoro,900m,Transect2,MORHTX002,P4,28C,Ctmax,40.9,14,5,26,Y2015,11,February,20.71414,0.36155088
Moromoro,900m,Transect2,MORHTX003,P4,28C,Ctmax,40.6,13,4.5,26,Y2015,11,February,20.71414,0.36155088
Moromoro,900m,Transect2,MORHTX004,P4,28C,Ctmax,40.7,15,5,26,Y2015,11,February,20.71414,0.36155088
Moromoro,900m,Transect2,MORHTX005,P4,28C,Ctmax,40.9,19,7,29,Y2015,11,February,20.71414,0.36155088
Moromoro,900m,Transect2,MORHTX007,P4,28C,Ctmax,40.5,15,5.5,26,Y2015,11,February,20.71414,0.36155088
Moromoro,900m,Transect2,MORHTX008,P4,28C,Ctmax,40.7,17,6.5,26,Y2015,11,February,20.71414,0.36155088
Moromoro,900m,Transect2,MORHTX009,P4,28C,Ctmax,40.7,18,6.5,27,Y2015,11,February,20.71414,0.36155088
Moromoro,900m,Transect2,MORHTX011,P4,28C,Ctmax,41,17,6,27,Y2015,11,February,20.71414,0.36155088
Moromoro,900m,Transect2,MORHTX012,P4,28C,Ctmax,40.9,16,6,27,Y2015,11,February,20.71414,0.36155088
Moromoro,900m,Transect2,MORHTX013,P4,28C,Ctmax,40.5,20,7,28,Y2015,11,February,20.71414,0.36155088
Moromoro,900m,Transect2,MORHTX014,P4,28C,Ctmax,40.6,18,6,27,Y2015,11,February,20.71414,0.36155088
Moromoro,900m,Transect2,MORHTX015,P4,28C,Ctmax,40.6,20,7,31,Y2015,11,February,20.71414,0.36155088
Moromoro,900m,Transect2,MORHTX016,P4,28C,Ctmax,40.8,18,7,28,Y2015,11,February,20.71414,0.36155088
Moromoro,900m,Transect2,MORHTX017,P4,28C,Ctmax,40.8,15,5,26,Y2015,11,February,20.71414,0.36155088
Moromoro,900m,Transect2,MORHTX018,P4,28C,Ctmax,40.9,14,5,26,Y2015,11,February,20.71414,0.36155088
Moromoro,900m,Transect2,MORHTX019,P4,28C,Ctmax,40.5,20,7,32,Y2015,8,March,20.71414,0.36155088
Moromoro,900m,Transect2,MORHTX020,P4,28C,Ctmax,41,15,5,26,Y2015,8,March,20.71414,0.36155088
Moromoro,900m,Transect2,MORHTX021,P4,28C,Ctmax,40,16,6,27,Y2015,8,March,20.71414,0.36155088
Moromoro,900m,Transect2,MORHTX022,P4,28C,Ctmax,39.5,16,6,27,Y2015,8,March,20.71414,0.36155088
Moromoro,900m,Transect2,MORHTX023,P4,28C,Ctmax,40.4,14,6,26,Y2015,8,March,20.71414,0.36155088
Moromoro,900m,Transect2,MORHTX024,P4,28C,Ctmax,40.1,13,5,26,Y2015,8,March,20.71414,0.36155088
Moromoro,900m,Transect2,MORHTX025,P4,28C,Ctmax,40.8,19,8,29,Y2015,8,March,20.71414,0.36155088
Moromoro,900m,Transect2,MORLTX001,P4,20C,Ctmax,39.4,19,6.5,28,Y2015,10,February,20.71414,0.36155088
Moromoro,900m,Transect2,MORLTX002,P4,20C,Ctmax,39.4,15,5,26,Y2015,10,February,20.71414,0.36155088
Moromoro,900m,Transect2,MORLTX003,P4,20C,Ctmax,39.6,18,6,27,Y2015,10,February,20.71414,0.36155088
Moromoro,900m,Transect2,MORLTX004,P4,20C,Ctmax,39.7,17,6,28,Y2015,10,February,20.71414,0.36155088
Moromoro,900m,Transect2,MORLTX005,P4,20C,Ctmax,38.9,18,6,28,Y2015,10,February,20.71414,0.36155088
Moromoro,900m,Transect2,MORLTX006,P4,20C,Ctmax,39.6,16,6,26,Y2015,10,February,20.71414,0.36155088
Moromoro,900m,Transect2,MORLTX007,P4,20C,Ctmax,39.8,15,6,28,Y2015,10,February,20.71414,0.36155088
Moromoro,900m,Transect2,MORLTX008,P4,20C,Ctmax,39.9,15,6,27,Y2015,10,February,20.71414,0.36155088
Moromoro,900m,Transect2,MORLTX009,P4,20C,Ctmax,39.1,12,5,25,Y2015,10,February,20.71414,0.36155088
Moromoro,900m,Transect2,MORLTX010,P4,20C,Ctmax,38.7,16,6,27,Y2015,10,February,20.71414,0.36155088
Moromoro,900m,Transect2,MORLTX011,P4,20C,Ctmax,39.5,13,5,26,Y2015,10,February,20.71414,0.36155088
Moromoro,900m,Transect2,MORLTX012,P4,20C,Ctmax,39.6,15,5,26,Y2015,10,February,20.71414,0.36155088
Moromoro,900m,Transect2,MORLTX013,P4,20C,Ctmax,39.2,19,7,28,Y2015,7,March,20.71414,0.36155088
Moromoro,900m,Transect2,MORLTX014,P4,20C,Ctmax,39.4,15,5,26,Y2015,7,March,20.71414,0.36155088
Moromoro,900m,Transect2,MORLTX015,P4,20C,Ctmax,39.4,21,7,29,Y2015,7,March,20.71414,0.36155088
Moromoro,900m,Transect2,MORLTX016,P4,20C,Ctmax,39.1,22,7,29,Y2015,7,March,20.71414,0.36155088
Moromoro,900m,Transect2,MORLTX017,P4,20C,Ctmax,39.6,16,6,26,Y2015,7,March,20.71414,0.36155088
Moromoro,900m,Transect2,MORLTX018,P4,20C,Ctmax,39.3,17,6,26,Y2015,7,March,20.71414,0.36155088
Moromoro,900m,Transect2,MORLTX019,P4,20C,Ctmax,39.4,18,7,28,Y2015,7,March,20.71414,0.36155088
Moromoro,900m,Transect2,MORLTX020,P4,20C,Ctmax,39.5,22,8,30,Y2015,8,March,20.71414,0.36155088
Moromoro,900m,Transect2,MORLTX022,P4,20C,Ctmax,39.1,11,4.5,25,Y2015,8,March,20.71414,0.36155088
Moromoro,900m,Transect2,MORLTX023,P4,20C,Ctmax,39.4,18,8,28,Y2015,8,March,20.71414,0.36155088
Moromoro,900m,Transect2,MORMIDX001,P4,24C,Ctmax,39.9,21,7,31,Y2015,8,February,20.71414,0.36155088
Moromoro,900m,Transect2,MORMIDX002,P4,24C,Ctmax,39.9,18,6,28,Y2015,8,February,20.71414,0.36155088
Moromoro,900m,Transect2,MORMIDX003,P4,24C,Ctmax,40.2,19,5,26,Y2015,8,February,20.71414,0.36155088
Moromoro,900m,Transect2,MORMIDX004,P4,24C,Ctmax,40.2,15,5,25,Y2015,8,February,20.71414,0.36155088
Moromoro,900m,Transect2,MORMIDX005,P4,24C,Ctmax,39.8,15,5,25,Y2015,8,February,20.71414,0.36155088
Moromoro,900m,Transect2,MORMIDX006,P4,24C,Ctmax,39.3,18,6,28,Y2015,8,February,20.71414,0.36155088
Moromoro,900m,Transect2,MORMIDX007,P4,24C,Ctmax,40,23,8,32,Y2015,8,February,20.71414,0.36155088
Moromoro,900m,Transect2,MORMIDX008,P4,24C,Ctmax,40.1,18,6,29,Y2015,8,February,20.71414,0.36155088
Moromoro,900m,Transect2,MORMIDX009,P4,24C,Ctmax,40.1,15,6,27,Y2015,8,February,20.71414,0.36155088
Moromoro,900m,Transect2,MORMIDX010,P4,24C,Ctmax,39.7,17,6,26,Y2015,8,February,20.71414,0.36155088
Moromoro,900m,Transect2,MORMIDX011,P4,24C,Ctmax,39.8,16,6,27,Y2015,8,February,20.71414,0.36155088
Moromoro,900m,Transect2,MORMIDX012,P4,24C,Ctmax,39.9,16,6,28,Y2015,8,February,20.71414,0.36155088
Moromoro,900m,Transect2,MORMIDX013,P4,24C,Ctmax,39.8,16,6,26,Y2015,12,February,20.71414,0.36155088
Moromoro,900m,Transect2,MORMIDX014,P4,24C,Ctmax,40,18,6,28,Y2015,12,February,20.71414,0.36155088
Moromoro,900m,Transect2,MORMIDX015,P4,24C,Ctmax,39.5,13,5,25,Y2015,12,February,20.71414,0.36155088
Moromoro,900m,Transect2,MORMIDX016,P4,24C,Ctmax,40.1,13,4.5,25,Y2015,12,February,20.71414,0.36155088
Moromoro,900m,Transect2,MORMIDX017,P4,24C,Ctmax,39.8,18,6,25,Y2015,12,February,20.71414,0.36155088
Moromoro,900m,Transect2,MORMIDX018,P4,24C,Ctmax,39.6,12,5,25,Y2015,12,February,20.71414,0.36155088
Moromoro,900m,Transect2,MORMIDX019,P4,24C,Ctmax,39.6,18,7,28,Y2015,12,February,20.71414,0.36155088
Moromoro,900m,Transect2,MORMIDX020,P4,24C,Ctmax,39.9,18,6,28,Y2015,12,February,20.71414,0.36155088
Moromoro,900m,Transect2,MORMIDX021,P4,24C,Ctmax,40.2,18,6,26,Y2015,6,March,20.71414,0.36155088
Moromoro,900m,Transect2,MORMIDX022,P4,24C,Ctmax,40.1,19,6,25,Y2015,6,March,20.71414,0.36155088
Moromoro,900m,Transect2,MORMIDX027,P4,24C,Ctmax,39.7,12,4.5,25,Y2015,6,March,20.71414,0.36155088
Moromoro,900m,Transect2,MORMIDX028,P4,24C,Ctmax,40.2,14,5,25,Y2015,6,March,20.71414,0.36155088
Paccha,1700m,Transect2,PACHTX001,P6,28C,Ctmax,40.5,24,8,33,Y2015,11,February,19.52651,0.02248857
Paccha,1700m,Transect2,PACHTX002,P6,28C,Ctmax,40.8,14,5,26,Y2015,11,February,19.52651,0.02248857
Paccha,1700m,Transect2,PACHTX004,P6,28C,Ctmax,41,15,5,26,Y2015,11,February,19.52651,0.02248857
Paccha,1700m,Transect2,PACHTX005,P6,28C,Ctmax,40.7,16,6,28,Y2015,11,February,19.52651,0.02248857
Paccha,1700m,Transect2,PACHTX006,P6,28C,Ctmax,41,16,6,28,Y2015,11,February,19.52651,0.02248857
Paccha,1700m,Transect2,PACHTX007,P6,28C,Ctmax,40.1,16,6,27,Y2015,11,February,19.52651,0.02248857
Paccha,1700m,Transect2,PACHTX009,P6,28C,Ctmax,40.6,14,5,25,Y2015,11,February,19.52651,0.02248857
Paccha,1700m,Transect2,PACHTX010,P6,28C,Ctmax,40.7,17,7,27,Y2015,11,February,19.52651,0.02248857
Paccha,1700m,Transect2,PACHTX011,P6,28C,Ctmax,39.8,17,6,27,Y2015,11,February,19.52651,0.02248857
Paccha,1700m,Transect2,PACHTX012,P6,28C,Ctmax,40.9,17,6,27,Y2015,11,February,19.52651,0.02248857
Paccha,1700m,Transect2,PACHTX013,P6,28C,Ctmax,40.7,22,8,32,Y2015,11,February,19.52651,0.02248857
Paccha,1700m,Transect2,PACHTX014,P6,28C,Ctmax,40.7,17,7,27,Y2015,11,February,19.52651,0.02248857
Paccha,1700m,Transect2,PACHTX015,P6,28C,Ctmax,40.6,15,6,26,Y2015,8,March,19.52651,0.02248857
Paccha,1700m,Transect2,PACHTX016,P6,28C,Ctmax,41.1,19,7,28,Y2015,8,March,19.52651,0.02248857
Paccha,1700m,Transect2,PACHTX017,P6,28C,Ctmax,41.4,18,6,27,Y2015,8,March,19.52651,0.02248857
Paccha,1700m,Transect2,PACHTX018,P6,28C,Ctmax,41.3,14,5,26,Y2015,8,March,19.52651,0.02248857
Paccha,1700m,Transect2,PACHTX020,P6,28C,Ctmax,40.9,18,7,27,Y2015,8,March,19.52651,0.02248857
Paccha,1700m,Transect2,PACHTX021,P6,28C,Ctmax,40.8,14,5,26,Y2015,8,March,19.52651,0.02248857
Paccha,1700m,Transect2,PACHTX022,P6,28C,Ctmax,41,15,5,25,Y2015,8,March,19.52651,0.02248857
Paccha,1700m,Transect2,PACHTX023,P6,28C,Ctmax,40.2,16,6,26,Y2015,8,March,19.52651,0.02248857
Paccha,1700m,Transect2,PACHTX024,P6,28C,Ctmax,40.5,12,5,26,Y2015,8,March,19.52651,0.02248857
Paccha,1700m,Transect2,PACHTX025,P6,28C,Ctmax,40.4,13,5,26,Y2015,8,March,19.52651,0.02248857
Paccha,1700m,Transect2,PACHTX026,P6,28C,Ctmax,40.9,17,7,29,Y2015,8,March,19.52651,0.02248857
Paccha,1700m,Transect2,PACLTX005,P6,20C,Ctmax,39.8,14,5,26,Y2015,7,March,19.52651,0.02248857
Paccha,1700m,Transect2,PACLTX006,P6,20C,Ctmax,39.8,23,6,27,Y2015,7,March,19.52651,0.02248857
Paccha,1700m,Transect2,PACLTX007,P6,20C,Ctmax,39.9,17,6,27,Y2015,7,March,19.52651,0.02248857
Paccha,1700m,Transect2,PACLTX008,P6,20C,Ctmax,39.5,12,4.5,25,Y2015,7,March,19.52651,0.02248857
Paccha,1700m,Transect2,PACLTX009,P6,20C,Ctmax,39.4,17,6,26,Y2015,7,March,19.52651,0.02248857
Paccha,1700m,Transect2,PACLTX011,P6,20C,Ctmax,39.8,13,5,25,Y2015,7,March,19.52651,0.02248857
Paccha,1700m,Transect2,PACLTX012,P6,20C,Ctmax,39.7,23,8,33,Y2015,7,March,19.52651,0.02248857
Paccha,1700m,Transect2,PACLTX013,P6,20C,Ctmax,39.3,15,5,25,Y2015,7,March,19.52651,0.02248857
Paccha,1700m,Transect2,PACLTX014,P6,20C,Ctmax,39.6,22,7,32,Y2015,7,March,19.52651,0.02248857
Paccha,1700m,Transect2,PACLTX015,P6,20C,Ctmax,39.7,23,8,33,Y2015,7,March,19.52651,0.02248857
Paccha,1700m,Transect2,PACLTX016,P6,20C,Ctmax,40,20,7,28,Y2015,7,March,19.52651,0.02248857
Paccha,1700m,Transect2,PACMIDX001,P6,24C,Ctmax,40.2,13,6,26,Y2015,8,February,19.52651,0.02248857
Paccha,1700m,Transect2,PACMIDX002,P6,24C,Ctmax,40.9,11,5,25,Y2015,8,February,19.52651,0.02248857
Paccha,1700m,Transect2,PACMIDX003,P6,24C,Ctmax,40,11,5,25,Y2015,8,February,19.52651,0.02248857
Paccha,1700m,Transect2,PACMIDX004,P6,24C,Ctmax,40.5,13,5,26,Y2015,8,February,19.52651,0.02248857
Paccha,1700m,Transect2,PACMIDX005,P6,24C,Ctmax,39.9,17,6,28,Y2015,9,February,19.52651,0.02248857
Paccha,1700m,Transect2,PACMIDX006,P6,24C,Ctmax,40.2,12,4,25,Y2015,9,February,19.52651,0.02248857
Paccha,1700m,Transect2,PACMIDX007,P6,24C,Ctmax,40.7,11,4.5,25,Y2015,9,February,19.52651,0.02248857
Paccha,1700m,Transect2,PACMIDX008,P6,24C,Ctmax,40.1,13,5,25,Y2015,9,February,19.52651,0.02248857
Paccha,1700m,Transect2,PACMIDX009,P6,24C,Ctmax,40.3,13,5,25,Y2015,9,February,19.52651,0.02248857
Paccha,1700m,Transect2,PACMIDX010,P6,24C,Ctmax,40.4,13,5,25,Y2015,9,February,19.52651,0.02248857
Paccha,1700m,Transect2,PACMIDX011,P6,24C,Ctmax,40.7,15,5,25,Y2015,9,February,19.52651,0.02248857
Paccha,1700m,Transect2,PACMIDX012,P6,24C,Ctmax,40.6,13,5,26,Y2015,9,February,19.52651,0.02248857
Paccha,1700m,Transect2,PACMIDX013,P6,24C,Ctmax,39.9,13,5,25,Y2015,12,February,19.52651,0.02248857
Paccha,1700m,Transect2,PACMIDX015,P6,24C,Ctmax,40.3,16,6,26,Y2015,12,February,19.52651,0.02248857
Paccha,1700m,Transect2,PACMIDX016,P6,24C,Ctmax,40.2,13,5,25,Y2015,12,February,19.52651,0.02248857
Paccha,1700m,Transect2,PACMIDX017,P6,24C,Ctmax,39.9,12,4,25,Y2015,12,February,19.52651,0.02248857
Paccha,1700m,Transect2,PACMIDX018,P6,24C,Ctmax,40.2,16,6,26,Y2015,12,February,19.52651,0.02248857
Paccha,1700m,Transect2,PACMIDX019,P6,24C,Ctmax,40,16,5,25,Y2015,12,February,19.52651,0.02248857
Paccha,1700m,Transect2,PACMIDX020,P6,24C,Ctmax,40.3,12,4.5,25,Y2015,12,February,19.52651,0.02248857
Paccha,1700m,Transect2,PACMIDX022,P6,24C,Ctmax,40,18,6.5,28,Y2015,6,March,19.52651,0.02248857
Paccha,1700m,Transect2,PACMIDX024,P6,24C,Ctmax,40.5,15,6,26,Y2015,6,March,19.52651,0.02248857
Paccha,1700m,Transect2,PACMIDX025,P6,24C,Ctmax,40.2,13,5,25,Y2015,6,March,19.52651,0.02248857
Paccha,1700m,Transect2,PACMIDX026,P6,24C,Ctmax,40.3,19,6,26,Y2015,6,March,19.52651,0.02248857
Paccha,1700m,Transect2,PACMIDX027,P6,24C,Ctmax,39.8,21,7,30,Y2015,6,March,19.52651,0.02248857
Paccha,1700m,Transect2,PACMIDX028,P6,24C,Ctmax,39.5,12,5,25,Y2015,6,March,19.52651,0.02248857
Saracay,300m,Transect2,SARHTX001,P2,28C,Ctmax,41.3,16,6,28,Y2015,11,February,NA,NA
Saracay,300m,Transect2,SARHTX002,P2,28C,Ctmax,41.1,15,5.5,26,Y2015,11,February,NA,NA
Saracay,300m,Transect2,SARHTX003,P2,28C,Ctmax,40.9,19,7,32,Y2015,11,February,NA,NA
Saracay,300m,Transect2,SARHTX004,P2,28C,Ctmax,40.8,20,7,30,Y2015,11,February,NA,NA
Saracay,300m,Transect2,SARHTX005,P2,28C,Ctmax,40.3,22,7,30,Y2015,11,February,NA,NA
Saracay,300m,Transect2,SARHTX006,P2,28C,Ctmax,40.8,16,5.5,26,Y2015,11,February,NA,NA
Saracay,300m,Transect2,SARHTX007,P2,28C,Ctmax,40.7,14,5,26,Y2015,11,February,NA,NA
Saracay,300m,Transect2,SARHTX008,P2,28C,Ctmax,41,15,5,26,Y2015,11,February,NA,NA
Saracay,300m,Transect2,SARHTX009,P2,28C,Ctmax,40.3,13,5,25,Y2015,11,February,NA,NA
Saracay,300m,Transect2,SARHTX010,P2,28C,Ctmax,40,13,5,25,Y2015,11,February,NA,NA
Saracay,300m,Transect2,SARHTX011,P2,28C,Ctmax,40.2,15,5,26,Y2015,11,February,NA,NA
Saracay,300m,Transect2,SARHTX012,P2,28C,Ctmax,40.9,14,5,25,Y2015,11,February,NA,NA
Saracay,300m,Transect2,SARHTX013,P2,28C,Ctmax,41,19,7,31,Y2015,11,February,NA,NA
Saracay,300m,Transect2,SARHTX014,P2,28C,Ctmax,40.7,13,5,26,Y2015,11,February,NA,NA
Saracay,300m,Transect2,SARHTX015,P2,28C,Ctmax,40.8,23,8,34,Y2015,11,February,NA,NA
Saracay,300m,Transect2,SARHTX019,P2,28C,Ctmax,40.7,16,6,26,Y2015,5,March,NA,NA
Saracay,300m,Transect2,SARHTX020,P2,28C,Ctmax,40.7,18,6,29,Y2015,5,March,NA,NA
Saracay,300m,Transect2,SARLTX001,P2,20C,Ctmax,40.1,20,7,33,Y2015,9,February,NA,NA
Saracay,300m,Transect2,SARLTX002,P2,20C,Ctmax,39.9,13,5,26,Y2015,9,February,NA,NA
Saracay,300m,Transect2,SARLTX003,P2,20C,Ctmax,39.6,13,5,25,Y2015,9,February,NA,NA
Saracay,300m,Transect2,SARLTX004,P2,20C,Ctmax,39.3,13,5,25,Y2015,9,February,NA,NA
Saracay,300m,Transect2,SARLTX005,P2,20C,Ctmax,40,13,5,25,Y2015,9,February,NA,NA
Saracay,300m,Transect2,SARLTX006,P2,20C,Ctmax,39.9,14.5,5,26,Y2015,9,February,NA,NA
Saracay,300m,Transect2,SARLTX007,P2,20C,Ctmax,39.8,12,4,25,Y2015,9,February,NA,NA
Saracay,300m,Transect2,SARLTX008,P2,20C,Ctmax,39.6,14,5,26,Y2015,9,February,NA,NA
Saracay,300m,Transect2,SARLTX009,P2,20C,Ctmax,40.1,16,6,26,Y2015,9,February,NA,NA
Saracay,300m,Transect2,SARLTX010,P2,20C,Ctmax,39.9,15,5.5,27,Y2015,9,February,NA,NA
Saracay,300m,Transect2,SARLTX011,P2,20C,Ctmax,39.7,21,7,32,Y2015,9,February,NA,NA
Saracay,300m,Transect2,SARLTX012,P2,20C,Ctmax,39.3,12,4,25,Y2015,9,February,NA,NA
Saracay,300m,Transect2,SARMIDX001,P2,24C,Ctmax,39.9,20,7,29,Y2015,7,February,NA,NA
Saracay,300m,Transect2,SARMIDX003,P2,24C,Ctmax,39.9,17,6,29,Y2015,7,February,NA,NA
Saracay,300m,Transect2,SARMIDX004,P2,24C,Ctmax,40.5,11,4,25,Y2015,7,February,NA,NA
Saracay,300m,Transect2,SARMIDX005,P2,24C,Ctmax,40.2,13,5,25,Y2015,7,February,NA,NA
Saracay,300m,Transect2,SARMIDX006,P2,24C,Ctmax,40.3,16,6,28,Y2015,7,February,NA,NA
Saracay,300m,Transect2,SARMIDX007,P2,24C,Ctmax,40.1,12,5,25,Y2015,7,February,NA,NA
Saracay,300m,Transect2,SARMIDX008,P2,24C,Ctmax,40.5,10,5,25,Y2015,7,February,NA,NA
Saracay,300m,Transect2,SARMIDX009,P2,24C,Ctmax,40.6,17,6,29,Y2015,7,February,NA,NA
Saracay,300m,Transect2,SARMIDX010,P2,24C,Ctmax,40.6,10,4,25,Y2015,7,February,NA,NA
Saracay,300m,Transect2,SARMIDX011,P2,24C,Ctmax,39.9,14,5,25,Y2015,7,February,NA,NA
Saracay,300m,Transect2,SARMIDX012,P2,24C,Ctmax,40.6,19,7,29,Y2015,7,February,NA,NA
Saracay,300m,Transect2,SARMIDX013,P2,24C,Ctmax,40.6,13,5,25,Y2015,6,March,NA,NA
Saracay,300m,Transect2,SARMIDX014,P2,24C,Ctmax,40.3,16,6,28,Y2015,6,March,NA,NA
Saracay,300m,Transect2,SARMIDX015,P2,24C,Ctmax,40.5,25,8,38,Y2015,6,March,NA,NA
Saracay,300m,Transect2,SARMIDX016,P2,24C,Ctmax,39.8,16,6,29,Y2015,6,March,NA,NA
Saracay,300m,Transect2,SARMIDX017,P2,24C,Ctmax,40.1,16,6,27,Y2015,6,March,NA,NA
Saracay,300m,Transect2,SARMIDX018,P2,24C,Ctmax,40.4,16,5.5,28,Y2015,6,March,NA,NA
Saracay,300m,Transect2,SARMIDX020,P2,24C,Ctmax,40.3,15,6,26,Y2015,6,March,NA,NA
Jubones,200m,Transect1,JUBHTN001,P1,28C,Ctmin,7.9,20,7,27,Y2014,11,May,23.49904,0.50666972
Jubones,200m,Transect1,JUBHTN002,P1,28C,Ctmin,8.3,25,8.5,36,Y2014,11,May,23.49904,0.50666972
Jubones,200m,Transect1,JUBHTN003,P1,28C,Ctmin,10.7,23,8,28,Y2014,11,May,23.49904,0.50666972
Jubones,200m,Transect1,JUBHTN004,P1,28C,Ctmin,10,25,8,36,Y2014,11,May,23.49904,0.50666972
Jubones,200m,Transect1,JUBHTN005,P1,28C,Ctmin,9.8,21,7,29,Y2014,11,May,23.49904,0.50666972
Jubones,200m,Transect1,JUBHTN006,P1,28C,Ctmin,10.8,22,7,28,Y2014,11,May,23.49904,0.50666972
Jubones,200m,Transect1,JUBHTN007,P1,28C,Ctmin,10.2,17,6,28,Y2014,12,May,23.49904,0.50666972
Jubones,200m,Transect1,JUBHTN008,P1,28C,Ctmin,9.5,17,6,27,Y2014,12,May,23.49904,0.50666972
Jubones,200m,Transect1,JUBHTN009,P1,28C,Ctmin,9,24,8,29,Y2014,12,May,23.49904,0.50666972
Jubones,200m,Transect1,JUBHTN010,P1,28C,Ctmin,9.2,21,7.5,28,Y2014,12,May,23.49904,0.50666972
Jubones,200m,Transect1,JUBHTN011,P1,28C,Ctmin,10.2,23,8,30,Y2014,12,May,23.49904,0.50666972
Jubones,200m,Transect1,JUBHTN012,P1,28C,Ctmin,8.6,25,7,33,Y2014,12,May,23.49904,0.50666972
Jubones,200m,Transect1,JUBHTN019,P1,28C,Ctmin,10,24,8,29,Y2014,13,May,23.49904,0.50666972
Jubones,200m,Transect1,JUBHTN020,P1,28C,Ctmin,9,23,7,31,Y2014,13,May,23.49904,0.50666972
Jubones,200m,Transect1,JUBHTN022,P1,28C,Ctmin,10.3,22,8,30,Y2014,14,May,23.49904,0.50666972
Jubones,200m,Transect1,JUBHTN023,P1,28C,Ctmin,9.3,24,8,30,Y2014,14,May,23.49904,0.50666972
Jubones,200m,Transect1,JUBHTN024,P1,28C,Ctmin,10.9,25,8.5,34,Y2014,14,May,23.49904,0.50666972
Jubones,200m,Transect1,JUBHTN025,P1,28C,Ctmin,9.1,28,9,35,Y2014,14,May,23.49904,0.50666972
Jubones,200m,Transect1,JUBHTN026,P1,28C,Ctmin,9,26,9,35,Y2014,14,May,23.49904,0.50666972
Jubones,200m,Transect1,JUBHTN027,P1,28C,Ctmin,8.6,22,7,33,Y2014,14,May,23.49904,0.50666972
Jubones,200m,Transect1,JUBHTN028,P1,28C,Ctmin,8.1,19,7,27,Y2014,14,May,23.49904,0.50666972
Jubones,200m,Transect1,JUBHTN029,P1,28C,Ctmin,7.7,21,7,27,Y2015,6,January,23.49904,0.50666972
Jubones,200m,Transect1,JUBHTN030,P1,28C,Ctmin,9.2,19,6,28,Y2015,6,January,23.49904,0.50666972
Jubones,200m,Transect1,JUBHTN031,P1,28C,Ctmin,9.6,17,6,26,Y2015,6,January,23.49904,0.50666972
Jubones,200m,Transect1,JUBHTN032,P1,28C,Ctmin,8.6,15,5,25,Y2015,6,January,23.49904,0.50666972
Jubones,200m,Transect1,JUBHTN033,P1,28C,Ctmin,8.4,21,8,28,Y2015,6,January,23.49904,0.50666972
Jubones,200m,Transect1,JUBHTN034,P1,28C,Ctmin,8.2,18,6,27,Y2015,6,January,23.49904,0.50666972
Jubones,200m,Transect1,JUBHTN035,P1,28C,Ctmin,7.9,15,6,25,Y2015,6,January,23.49904,0.50666972
Jubones,200m,Transect1,JUBHTN036,P1,28C,Ctmin,9,15,6,26,Y2015,6,January,23.49904,0.50666972
Jubones,200m,Transect1,JUBHTN037,P1,28C,Ctmin,8.7,16,6,26,Y2015,6,January,23.49904,0.50666972
Jubones,200m,Transect1,JUBHTN038,P1,28C,Ctmin,9,15,6,25,Y2015,6,January,23.49904,0.50666972
Jubones,200m,Transect1,JUBHTN039,P1,28C,Ctmin,8.2,20,8,28,Y2015,6,January,23.49904,0.50666972
Jubones,200m,Transect1,JUBHTN040,P1,28C,Ctmin,8.4,20,8,25,Y2015,6,January,23.49904,0.50666972
Jubones,200m,Transect1,JUBLTN001,P1,20C,Ctmin,7,26,8,31,Y2014,13,May,23.49904,0.50666972
Jubones,200m,Transect1,JUBLTN002,P1,20C,Ctmin,7,27,8,31,Y2014,13,May,23.49904,0.50666972
Jubones,200m,Transect1,JUBLTN003,P1,20C,Ctmin,7.1,28,8.5,36,Y2014,13,May,23.49904,0.50666972
Jubones,200m,Transect1,JUBLTN005,P1,20C,Ctmin,8,27,8,30,Y2014,13,May,23.49904,0.50666972
Jubones,200m,Transect1,JUBLTN006,P1,20C,Ctmin,8.1,21,7.5,28,Y2014,13,May,23.49904,0.50666972
Jubones,200m,Transect1,JUBLTN007,P1,20C,Ctmin,7.7,23,7,30,Y2014,13,May,23.49904,0.50666972
Jubones,200m,Transect1,JUBLTN008,P1,20C,Ctmin,7.8,26,8,31,Y2014,13,May,23.49904,0.50666972
Jubones,200m,Transect1,JUBLTN009,P1,20C,Ctmin,7.6,22,8,29,Y2014,13,May,23.49904,0.50666972
Jubones,200m,Transect1,JUBLTN010,P1,20C,Ctmin,7.5,21,7,28,Y2014,13,May,23.49904,0.50666972
Jubones,200m,Transect1,JUBLTN011,P1,20C,Ctmin,8.2,23,8,29,Y2014,13,May,23.49904,0.50666972
Jubones,200m,Transect1,JUBLTN012,P1,20C,Ctmin,7.4,26,9,30,Y2014,13,May,23.49904,0.50666972
Jubones,200m,Transect1,JUBLTN013,P1,20C,Ctmin,7.2,25,8,29,Y2014,13,May,23.49904,0.50666972
Jubones,200m,Transect1,JUBLTN014,P1,20C,Ctmin,7.1,24,7,29,Y2014,13,May,23.49904,0.50666972
Jubones,200m,Transect1,JUBLTN015,P1,20C,Ctmin,7.9,24,8,29,Y2014,13,May,23.49904,0.50666972
Jubones,200m,Transect1,JUBLTN016,P1,20C,Ctmin,7.4,24,8,29,Y2014,13,May,23.49904,0.50666972
Jubones,200m,Transect1,JUBLTN017,P1,20C,Ctmin,8.5,20,8,29,Y2014,13,May,23.49904,0.50666972
Jubones,200m,Transect1,JUBLTN018,P1,20C,Ctmin,8.1,23,7,30,Y2014,13,May,23.49904,0.50666972
Jubones,200m,Transect1,JUBLTN019,P1,20C,Ctmin,8,24,8,29,Y2014,13,May,23.49904,0.50666972
Jubones,200m,Transect1,JUBLTN020,P1,20C,Ctmin,7.5,25,8,31,Y2014,13,May,23.49904,0.50666972
Jubones,200m,Transect1,JUBLTN022,P1,20C,Ctmin,7.4,15,7,29,Y2014,13,May,23.49904,0.50666972
Jubones,200m,Transect1,JUBLTN023,P1,20C,Ctmin,6.6,28,9,34,Y2014,13,May,23.49904,0.50666972
Jubones,200m,Transect1,JUBLTN024,P1,20C,Ctmin,7.5,23,8,29,Y2014,14,May,23.49904,0.50666972
Jubones,200m,Transect1,JUBLTN025,P1,20C,Ctmin,7.4,28,9,33,Y2014,14,May,23.49904,0.50666972
Jubones,200m,Transect1,JUBLTN026,P1,20C,Ctmin,7.6,14,5,25,Y2015,7,January,23.49904,0.50666972
Jubones,200m,Transect1,JUBLTN027,P1,20C,Ctmin,6.9,16,6,25,Y2015,7,January,23.49904,0.50666972
Jubones,200m,Transect1,JUBLTN028,P1,20C,Ctmin,6.7,14,5,25,Y2015,7,January,23.49904,0.50666972
Jubones,200m,Transect1,JUBLTN029,P1,20C,Ctmin,7.3,19,7,29,Y2015,7,January,23.49904,0.50666972
Jubones,200m,Transect1,JUBLTN030,P1,20C,Ctmin,7.4,11,5,25,Y2015,7,January,23.49904,0.50666972
Jubones,200m,Transect1,JUBLTN031,P1,20C,Ctmin,9.6,13,5,25,Y2015,7,January,23.49904,0.50666972
Jubones,200m,Transect1,JUBLTN032,P1,20C,Ctmin,7.9,20,7,28,Y2015,7,January,23.49904,0.50666972
Jubones,200m,Transect1,JUBLTN033,P1,20C,Ctmin,7.1,19,7,28,Y2015,7,January,23.49904,0.50666972
Jubones,200m,Transect1,JUBLTN034,P1,20C,Ctmin,7.8,15,6,25,Y2015,7,January,23.49904,0.50666972
Jubones,200m,Transect1,JUBLTN035,P1,20C,Ctmin,6.7,14,5,25,Y2015,7,January,23.49904,0.50666972
Jubones,200m,Transect1,JUBLTN036,P1,20C,Ctmin,7.6,13,5,25,Y2015,7,January,23.49904,0.50666972
Jubones,200m,Transect1,JUBLTN037,P1,20C,Ctmin,7.1,15,5,25,Y2015,7,January,23.49904,0.50666972
Jubones,200m,Transect1,JUBLTN038,P1,20C,Ctmin,9.6,15,6,25,Y2015,8,January,23.49904,0.50666972
Jubones,200m,Transect1,JUBLTN039,P1,20C,Ctmin,9.2,19,6,25,Y2015,9,January,23.49904,0.50666972
Jubones,200m,Transect1,JUBMDN001,P1,24C,Ctmin,7.8,25,8,34,Y2014,11,May,23.49904,0.50666972
Jubones,200m,Transect1,JUBMDN002,P1,24C,Ctmin,7.3,22,8,29,Y2014,11,May,23.49904,0.50666972
Jubones,200m,Transect1,JUBMDN004,P1,24C,Ctmin,8,24,8,34,Y2014,11,May,23.49904,0.50666972
Jubones,200m,Transect1,JUBMDN005,P1,24C,Ctmin,7.9,26,8,34,Y2014,11,May,23.49904,0.50666972
Jubones,200m,Transect1,JUBMDN006,P1,24C,Ctmin,7.1,27,9,34,Y2014,11,May,23.49904,0.50666972
Jubones,200m,Transect1,JUBMDN007,P1,24C,Ctmin,7.8,25,8,33,Y2014,11,May,23.49904,0.50666972
Jubones,200m,Transect1,JUBMDN008,P1,24C,Ctmin,7.7,25,9,31,Y2014,11,May,23.49904,0.50666972
Jubones,200m,Transect1,JUBMDN009,P1,24C,Ctmin,7.8,23,8,34,Y2014,12,May,23.49904,0.50666972
Jubones,200m,Transect1,JUBMDN010,P1,24C,Ctmin,7.7,27,8.5,33,Y2014,11,May,23.49904,0.50666972
Jubones,200m,Transect1,JUBMDN011,P1,24C,Ctmin,7.7,24,8,33,Y2014,11,May,23.49904,0.50666972
Jubones,200m,Transect1,JUBMDN012,P1,24C,Ctmin,7.5,26,8.5,34,Y2014,11,May,23.49904,0.50666972
Jubones,200m,Transect1,JUBMDN015,P1,24C,Ctmin,7.7,27,9,34,Y2014,11,May,23.49904,0.50666972
Jubones,200m,Transect1,JUBMIDN020,P1,24C,Ctmin,8.3,16,6,25,Y2015,5,January,23.49904,0.50666972
Jubones,200m,Transect1,JUBMIDN022,P1,24C,Ctmin,8.2,18,6,25,Y2015,5,January,23.49904,0.50666972
Jubones,200m,Transect1,JUBMIDN023,P1,24C,Ctmin,9.1,20,8,29,Y2015,5,January,23.49904,0.50666972
Jubones,200m,Transect1,JUBMIDN024,P1,24C,Ctmin,9.6,11,4,25,Y2015,5,January,23.49904,0.50666972
Jubones,200m,Transect1,JUBMIDN025,P1,24C,Ctmin,9.8,16,6,27,Y2015,5,January,23.49904,0.50666972
Jubones,200m,Transect1,JUBMIDN026,P1,24C,Ctmin,8.9,12,4,25,Y2015,5,January,23.49904,0.50666972
Jubones,200m,Transect1,JUBMIDN027,P1,24C,Ctmin,8.2,25,6,26,Y2015,5,January,23.49904,0.50666972
Jubones,200m,Transect1,JUBMIDN028,P1,24C,Ctmin,7.9,17,7,27,Y2015,5,January,23.49904,0.50666972
Jubones,200m,Transect1,JUBMIDN029,P1,24C,Ctmin,7.4,18,6,28,Y2015,5,January,23.49904,0.50666972
Jubones,200m,Transect1,JUBMIDN030,P1,24C,Ctmin,9.5,13,6,25,Y2015,5,January,23.49904,0.50666972
Jubones,200m,Transect1,JUBMIDN032,P1,24C,Ctmin,8.1,26,9,36,Y2015,5,January,23.49904,0.50666972
Jubones,200m,Transect1,JUBMIDN033,P1,24C,Ctmin,10,15,7,26,Y2015,5,January,23.49904,0.50666972
Jubones,200m,Transect1,JUBMIDN034,P1,24C,Ctmin,9.6,19,7,28,Y2015,5,January,23.49904,0.50666972
SanSebastian,800m,Transect1,SEBHTN001,P3,28C,Ctmin,10,20,7,27,Y2014,13,May,22.22894,0.0251347
SanSebastian,800m,Transect1,SEBHTN002,P3,28C,Ctmin,9.3,26,8.5,36,Y2014,13,May,22.22894,0.0251347
SanSebastian,800m,Transect1,SEBHTN003,P3,28C,Ctmin,10.8,18,6,27,Y2014,13,May,22.22894,0.0251347
SanSebastian,800m,Transect1,SEBHTN004,P3,28C,Ctmin,10.1,18,6,27,Y2014,13,May,22.22894,0.0251347
SanSebastian,800m,Transect1,SEBHTN005,P3,28C,Ctmin,10.5,29,8.5,36,Y2014,13,May,22.22894,0.0251347
SanSebastian,800m,Transect1,SEBHTN005,P3,28C,Ctmin,9.3,22,8,29,Y2015,10,February,22.22894,0.0251347
SanSebastian,800m,Transect1,SEBHTN006,P3,28C,Ctmin,8.7,22,8,33,Y2015,10,February,22.22894,0.0251347
SanSebastian,800m,Transect1,SEBHTN007,P3,28C,Ctmin,9.1,24,9,29,Y2015,10,February,22.22894,0.0251347
SanSebastian,800m,Transect1,SEBHTN008,P3,28C,Ctmin,8.9,25,9,36,Y2015,10,February,22.22894,0.0251347
SanSebastian,800m,Transect1,SEBHTN009,P3,28C,Ctmin,9.1,19,7,29,Y2015,10,February,22.22894,0.0251347
SanSebastian,800m,Transect1,SEBHTN010,P3,28C,Ctmin,10.3,24,9,36,Y2015,10,February,22.22894,0.0251347
SanSebastian,800m,Transect1,SEBHTN011,P3,28C,Ctmin,9.9,18,7,28,Y2015,10,February,22.22894,0.0251347
SanSebastian,800m,Transect1,SEBHTN012,P3,28C,Ctmin,9.3,21,8,29,Y2015,10,February,22.22894,0.0251347
SanSebastian,800m,Transect1,SEBHTN013,P3,28C,Ctmin,9.2,22.5,8.5,36,Y2015,10,February,22.22894,0.0251347
SanSebastian,800m,Transect1,SEBHTN014,P3,28C,Ctmin,8.9,22,8,30,Y2015,10,February,22.22894,0.0251347
SanSebastian,800m,Transect1,SEBHTN015,P3,28C,Ctmin,9.1,19,7,28,Y2015,10,February,22.22894,0.0251347
SanSebastian,800m,Transect1,SEBHTN016,P3,28C,Ctmin,8.2,21,8,30,Y2015,10,February,22.22894,0.0251347
SanSebastian,800m,Transect1,SEBHTN017,P3,28C,Ctmin,9.4,20,7,29,Y2015,10,February,22.22894,0.0251347
SanSebastian,800m,Transect1,SEBHTN018,P3,28C,Ctmin,10.4,15,5,26,Y2015,8,March,22.22894,0.0251347
SanSebastian,800m,Transect1,SEBHTN019,P3,28C,Ctmin,9.1,20,7,29,Y2015,8,March,22.22894,0.0251347
SanSebastian,800m,Transect1,SEBHTN020,P3,28C,Ctmin,9.1,20,7,30,Y2015,8,March,22.22894,0.0251347
SanSebastian,800m,Transect1,SEBHTN021,P3,28C,Ctmin,9.5,21,NA,28,Y2015,8,March,22.22894,0.0251347
SanSebastian,800m,Transect1,SEBHTN022,P3,28C,Ctmin,8.6,18,6,28,Y2015,8,March,22.22894,0.0251347
SanSebastian,800m,Transect1,SEBHTN023,P3,28C,Ctmin,9.2,18,6,26,Y2015,8,March,22.22894,0.0251347
SanSebastian,800m,Transect1,SEBHTN024,P3,28C,Ctmin,10.2,18,7,26,Y2015,8,March,22.22894,0.0251347
SanSebastian,800m,Transect1,SEBHTN025,P3,28C,Ctmin,8.2,21,7,31,Y2015,8,March,22.22894,0.0251347
SanSebastian,800m,Transect1,SEBHTN027,P3,28C,Ctmin,9.2,19,NA,28,Y2015,8,March,22.22894,0.0251347
SanSebastian,800m,Transect1,SEBHTN026,P3,28C,Ctmin,9.5,18,7,28,Y2015,8,March,22.22894,0.0251347
SanSebastian,800m,Transect1,SEBLTN001,P3,20C,Ctmin,8.1,25,10,36,Y2014,13,May,22.22894,0.0251347
SanSebastian,800m,Transect1,SEBLTN002,P3,20C,Ctmin,7.1,23,8,29,Y2014,13,May,22.22894,0.0251347
SanSebastian,800m,Transect1,SEBLTN003,P3,20C,Ctmin,7.3,12,4,25,Y2014,13,May,22.22894,0.0251347
SanSebastian,800m,Transect1,SEBLTN005,P3,20C,Ctmin,8.1,16,6,26,Y2014,13,May,22.22894,0.0251347
SanSebastian,800m,Transect1,SEBLTN007,P3,20C,Ctmin,8.1,21,8,29,Y2014,13,May,22.22894,0.0251347
SanSebastian,800m,Transect1,SEBLTN008,P3,20C,Ctmin,8.2,22,8,28,Y2014,13,May,22.22894,0.0251347
SanSebastian,800m,Transect1,SEBLTN009,P3,20C,Ctmin,7,23,8,28,Y2014,13,May,22.22894,0.0251347
SanSebastian,800m,Transect1,SEBLTN010,P3,20C,Ctmin,6.8,24,8,29,Y2014,13,May,22.22894,0.0251347
SanSebastian,800m,Transect1,SEBLTN011,P3,20C,Ctmin,7.8,21,8,28,Y2015,10,February,22.22894,0.0251347
SanSebastian,800m,Transect1,SEBLTN012,P3,20C,Ctmin,7.8,25,9,37,Y2015,10,February,22.22894,0.0251347
SanSebastian,800m,Transect1,SEBLTN013,P3,20C,Ctmin,7.7,22,8,31,Y2015,10,February,22.22894,0.0251347
SanSebastian,800m,Transect1,SEBLTN014,P3,20C,Ctmin,7.3,20,7,28,Y2015,10,February,22.22894,0.0251347
SanSebastian,800m,Transect1,SEBLTN015,P3,20C,Ctmin,7.9,19,9,29,Y2015,10,February,22.22894,0.0251347
SanSebastian,800m,Transect1,SEBLTN016,P3,20C,Ctmin,7.7,22,8,34,Y2015,10,February,22.22894,0.0251347
SanSebastian,800m,Transect1,SEBLTN017,P3,20C,Ctmin,7.9,17,6,26,Y2015,10,February,22.22894,0.0251347
SanSebastian,800m,Transect1,SEBLTN018,P3,20C,Ctmin,8,26,9,36,Y2015,10,February,22.22894,0.0251347
SanSebastian,800m,Transect1,SEBLTN022,P3,20C,Ctmin,7.4,15,6,26,Y2015,10,February,22.22894,0.0251347
SanSebastian,800m,Transect1,SEBLTN023,P3,20C,Ctmin,8.2,19,6,25,Y2015,10,February,22.22894,0.0251347
SanSebastian,800m,Transect1,SEBLTN024,P3,20C,Ctmin,8.5,11,5,25,Y2015,10,February,22.22894,0.0251347
SanSebastian,800m,Transect1,SEBLTN025,P3,20C,Ctmin,10.1,18,8,30,Y2015,9,March,22.22894,0.0251347
SanSebastian,800m,Transect1,SEBLTN026,P3,20C,Ctmin,9.6,16,6,27,Y2015,9,March,22.22894,0.0251347
SanSebastian,800m,Transect1,SEBLTN028,P3,20C,Ctmin,10.5,18,7,28,Y2015,9,March,22.22894,0.0251347
SanSebastian,800m,Transect1,SEBLTN029,P3,20C,Ctmin,8,17,6,27,Y2015,9,March,22.22894,0.0251347
SanSebastian,800m,Transect1,SEBLTN030,P3,20C,Ctmin,7.5,18,6.5,27,Y2015,9,March,22.22894,0.0251347
SanSebastian,800m,Transect1,SEBLTN031,P3,20C,Ctmin,7.5,15,6,26,Y2015,9,March,22.22894,0.0251347
SanSebastian,800m,Transect1,SEBLTN032,P3,20C,Ctmin,7.4,18,7,27,Y2015,9,March,22.22894,0.0251347
SanSebastian,800m,Transect1,SEBMIDN002,P3,24C,Ctmin,8.5,20,8,33,Y2015,10,February,22.22894,0.0251347
SanSebastian,800m,Transect1,SEBMIDN003,P3,24C,Ctmin,8.8,16,5,25,Y2015,10,February,22.22894,0.0251347
SanSebastian,800m,Transect1,SEBMIDN004,P3,24C,Ctmin,10,15,6,27,Y2015,10,February,22.22894,0.0251347
SanSebastian,800m,Transect1,SEBMIDN005,P3,24C,Ctmin,8.9,20,8,31,Y2015,10,February,22.22894,0.0251347
SanSebastian,800m,Transect1,SEBMIDN006,P3,24C,Ctmin,8.4,17,8,29,Y2015,10,February,22.22894,0.0251347
SanSebastian,800m,Transect1,SEBMIDN007,P3,24C,Ctmin,8.8,15,6,26,Y2015,10,February,22.22894,0.0251347
SanSebastian,800m,Transect1,SEBMIDN008,P3,24C,Ctmin,8.4,21,8,33,Y2015,10,February,22.22894,0.0251347
SanSebastian,800m,Transect1,SEBMIDN009,P3,24C,Ctmin,8.5,16,6,26,Y2015,8,March,22.22894,0.0251347
SanSebastian,800m,Transect1,SEBMIDN010,P3,24C,Ctmin,9.1,18,7,28,Y2015,8,March,22.22894,0.0251347
SanSebastian,800m,Transect1,SEBMIDN011,P3,24C,Ctmin,9.4,16,6,26,Y2015,8,March,22.22894,0.0251347
SanSebastian,800m,Transect1,SEBMIDN012,P3,24C,Ctmin,8.4,15,5,26,Y2015,8,March,22.22894,0.0251347
SanSebastian,800m,Transect1,SEBMIDN013,P3,24C,Ctmin,10.1,16,6,28,Y2015,8,March,22.22894,0.0251347
SanSebastian,800m,Transect1,SEBMIDN014,P3,24C,Ctmin,9.2,16,5.5,26,Y2015,8,March,22.22894,0.0251347
SanSebastian,800m,Transect1,SEBMIDN015,P3,24C,Ctmin,8.3,22,8,30,Y2015,8,March,22.22894,0.0251347
SanSebastian,800m,Transect1,SEBMIDN016,P3,24C,Ctmin,8.2,15,5,26,Y2015,8,March,22.22894,0.0251347
SanSebastian,800m,Transect1,SEBMIDN017,P3,24C,Ctmin,7.8,15,6,26,Y2015,8,March,22.22894,0.0251347
SanSebastian,800m,Transect1,SEBMIDN018,P3,24C,Ctmin,8.1,15,5,25,Y2015,8,March,22.22894,0.0251347
SanSebastian,800m,Transect1,SEBMIDN019,P3,24C,Ctmin,9,18,7,27,Y2015,8,March,22.22894,0.0251347
SanSebastian,800m,Transect1,SEBMIDN020,P3,24C,Ctmin,9.3,16,6,26,Y2015,8,March,22.22894,0.0251347
SanSebastian,800m,Transect1,SEBMIDN021,P3,24C,Ctmin,8.3,13,5,26,Y2015,8,March,22.22894,0.0251347
SanSebastian,800m,Transect1,SEBMIDN022,P3,24C,Ctmin,8.2,16,6,27,Y2015,8,March,22.22894,0.0251347
SanSebastian,800m,Transect1,SEBMIDN023,P3,24C,Ctmin,8.8,17,6,26,Y2015,8,March,22.22894,0.0251347
SanSebastian,800m,Transect1,SEBMIDN024,P3,24C,Ctmin,8.6,19,7,28,Y2015,8,March,22.22894,0.0251347
SanSebastian,800m,Transect1,SEBMIDN025,P3,24C,Ctmin,8.4,14,5,25,Y2015,8,March,22.22894,0.0251347
SanSebastian,800m,Transect1,SEBMIDN026,P3,24C,Ctmin,7.9,13,5,25,Y2015,8,March,22.22894,0.0251347
SanSebastian,800m,Transect1,SEBMIDN027,P3,24C,Ctmin,8.2,17,7,28,Y2015,8,March,22.22894,0.0251347
SanSebastian,800m,Transect1,SEBMIDN028,P3,24C,Ctmin,8.1,19,6,28,Y2015,8,March,22.22894,0.0251347
SanSebastian,800m,Transect1,SEBMIDN029,P3,24C,Ctmin,8.9,20,7,28,Y2015,8,March,22.22894,0.0251347
SanSebastian,800m,Transect1,SEBMIDN030,P3,24C,Ctmin,8.6,19,7,28,Y2015,8,March,22.22894,0.0251347
SanSebastian,800m,Transect1,SEBMIDN031,P3,24C,Ctmin,8.9,16,6,26,Y2015,9,March,22.22894,0.0251347
SanSebastian,800m,Transect1,SEBMIDN032,P3,24C,Ctmin,9,17,6,28,Y2015,9,March,22.22894,0.0251347
SanSebastian,800m,Transect1,SEBMIDN033,P3,24C,Ctmin,9.4,23,7,27,Y2015,9,March,22.22894,0.0251347
SanSebastian,800m,Transect1,SEBMIDN034,P3,24C,Ctmin,9.6,15,6,26,Y2015,9,March,22.22894,0.0251347
Zharug,1600m,Transect1,ZHAHTN001,P5,28C,Ctmin,8.8,27,9,33,Y2014,11,May,17.92014,0.72699787
Zharug,1600m,Transect1,ZHAHTN002,P5,28C,Ctmin,8.8,22,8.5,36,Y2014,11,May,17.92014,0.72699787
Zharug,1600m,Transect1,ZHAHTN003,P5,28C,Ctmin,8.9,26,9,36,Y2014,11,May,17.92014,0.72699787
Zharug,1600m,Transect1,ZHAHTN004,P5,28C,Ctmin,8.4,22,8,32,Y2014,11,May,17.92014,0.72699787
Zharug,1600m,Transect1,ZHAHTN005,P5,28C,Ctmin,9.4,27,9,37,Y2014,11,May,17.92014,0.72699787
Zharug,1600m,Transect1,ZHAHTN007,P5,28C,Ctmin,8.6,27,9.5,35,Y2014,11,May,17.92014,0.72699787
Zharug,1600m,Transect1,ZHAHTN008,P5,28C,Ctmin,8.7,26,9,36,Y2014,11,May,17.92014,0.72699787
Zharug,1600m,Transect1,ZHAHTN009,P5,28C,Ctmin,8.6,25,9,35,Y2014,11,May,17.92014,0.72699787
Zharug,1600m,Transect1,ZHAHTN010,P5,28C,Ctmin,8.4,24,8,33,Y2014,11,May,17.92014,0.72699787
Zharug,1600m,Transect1,ZHAHTN011,P5,28C,Ctmin,9,24,8,31,Y2014,11,May,17.92014,0.72699787
Zharug,1600m,Transect1,ZHAHTN012,P5,28C,Ctmin,8.6,27,9,37,Y2014,11,May,17.92014,0.72699787
Zharug,1600m,Transect1,ZHAHTN013,P5,28C,Ctmin,9,23,8.5,31,Y2014,11,May,17.92014,0.72699787
Zharug,1600m,Transect1,ZHAHTN014,P5,28C,Ctmin,8.9,26,8.5,36,Y2014,11,May,17.92014,0.72699787
Zharug,1600m,Transect1,ZHAHTN015,P5,28C,Ctmin,8.6,28,9,37,Y2014,11,May,17.92014,0.72699787
Zharug,1600m,Transect1,ZHAHTN016,P5,28C,Ctmin,8.4,23,9,33,Y2014,11,May,17.92014,0.72699787
Zharug,1600m,Transect1,ZHAHTN017,P5,28C,Ctmin,8.2,19,7,29,Y2015,10,January,17.92014,0.72699787
Zharug,1600m,Transect1,ZHAHTN018,P5,28C,Ctmin,8.3,16,6,27,Y2015,10,January,17.92014,0.72699787
Zharug,1600m,Transect1,ZHAHTN019,P5,28C,Ctmin,8.5,20,8,28,Y2015,10,January,17.92014,0.72699787
Zharug,1600m,Transect1,ZHAHTN020,P5,28C,Ctmin,8.4,18,7,28,Y2015,10,January,17.92014,0.72699787
Zharug,1600m,Transect1,ZHAHTN021,P5,28C,Ctmin,7.8,16,6,25,Y2015,10,January,17.92014,0.72699787
Zharug,1600m,Transect1,ZHAHTN022,P5,28C,Ctmin,9.2,17,7,27,Y2015,10,January,17.92014,0.72699787
Zharug,1600m,Transect1,ZHAHTN023,P5,28C,Ctmin,8,19,7,26,Y2015,10,January,17.92014,0.72699787
Zharug,1600m,Transect1,ZHAHTN024,P5,28C,Ctmin,8.2,15,6,25,Y2015,10,January,17.92014,0.72699787
Zharug,1600m,Transect1,ZHAHTN025,P5,28C,Ctmin,9,16,6,25,Y2015,10,January,17.92014,0.72699787
Zharug,1600m,Transect1,ZHAHTN026,P5,28C,Ctmin,9,17,7,25,Y2015,10,January,17.92014,0.72699787
Zharug,1600m,Transect1,ZHAHTN027,P5,28C,Ctmin,9,20,7.5,28,Y2015,10,January,17.92014,0.72699787
Zharug,1600m,Transect1,ZHAHTN028,P5,28C,Ctmin,9.1,23,8,28,Y2015,10,January,17.92014,0.72699787
Zharug,1600m,Transect1,ZHAHTN029,P5,28C,Ctmin,9.4,18,8,27,Y2015,10,January,17.92014,0.72699787
Zharug,1600m,Transect1,ZHALTN001,P5,20C,Ctmin,7.4,25,9,29,Y2014,10,May,17.92014,0.72699787
Zharug,1600m,Transect1,ZHALTN002,P5,20C,Ctmin,6.8,23,8,29,Y2014,10,May,17.92014,0.72699787
Zharug,1600m,Transect1,ZHALTN003,P5,20C,Ctmin,6.3,25,9,29,Y2014,10,May,17.92014,0.72699787
Zharug,1600m,Transect1,ZHALTN004,P5,20C,Ctmin,7.1,25,9,31,Y2014,10,May,17.92014,0.72699787
Zharug,1600m,Transect1,ZHALTN005,P5,20C,Ctmin,6.4,24,8,29,Y2014,10,May,17.92014,0.72699787
Zharug,1600m,Transect1,ZHALTN006,P5,20C,Ctmin,6,25,9,28,Y2014,10,May,17.92014,0.72699787
Zharug,1600m,Transect1,ZHALTN008,P5,20C,Ctmin,7.4,21,7.5,28,Y2014,10,May,17.92014,0.72699787
Zharug,1600m,Transect1,ZHALTN010,P5,20C,Ctmin,7.2,25,9,29,Y2014,10,May,17.92014,0.72699787
Zharug,1600m,Transect1,ZHALTN011,P5,20C,Ctmin,6.8,28,9,34,Y2014,10,May,17.92014,0.72699787
Zharug,1600m,Transect1,ZHALTN012,P5,20C,Ctmin,7.3,31,9,36,Y2014,10,May,17.92014,0.72699787
Zharug,1600m,Transect1,ZHALTN013,P5,20C,Ctmin,7.9,28,10,36,Y2014,10,May,17.92014,0.72699787
Zharug,1600m,Transect1,ZHALTN014,P5,20C,Ctmin,6.7,26,10,31,Y2014,10,May,17.92014,0.72699787
Zharug,1600m,Transect1,ZHALTN015,P5,20C,Ctmin,7.2,25,9,35,Y2014,10,May,17.92014,0.72699787
Zharug,1600m,Transect1,ZHALTN017,P5,20C,Ctmin,6.1,27,9,32,Y2014,10,May,17.92014,0.72699787
Zharug,1600m,Transect1,ZHALTN018,P5,20C,Ctmin,6,23,8,31,Y2014,10,May,17.92014,0.72699787
Zharug,1600m,Transect1,ZHALTN019,P5,20C,Ctmin,6.3,25,8.5,29,Y2014,10,May,17.92014,0.72699787
Zharug,1600m,Transect1,ZHALTN020,P5,20C,Ctmin,6.4,28,9,36,Y2014,10,May,17.92014,0.72699787
Zharug,1600m,Transect1,ZHALTN021,P5,20C,Ctmin,7.3,27,10,34,Y2014,14,May,17.92014,0.72699787
Zharug,1600m,Transect1,ZHALTN022,P5,20C,Ctmin,7.7,31,10,35,Y2014,14,May,17.92014,0.72699787
Zharug,1600m,Transect1,ZHALTN023,P5,20C,Ctmin,7.7,14,6,25,Y2015,10,January,17.92014,0.72699787
Zharug,1600m,Transect1,ZHALTN024,P5,20C,Ctmin,7.1,15,6,26,Y2015,10,January,17.92014,0.72699787
Zharug,1600m,Transect1,ZHALTN025,P5,20C,Ctmin,6.9,18,7,28,Y2015,10,January,17.92014,0.72699787
Zharug,1600m,Transect1,ZHALTN026,P5,20C,Ctmin,6.7,16,6,25,Y2015,10,January,17.92014,0.72699787
Zharug,1600m,Transect1,ZHALTN027,P5,20C,Ctmin,8,15,6,26,Y2015,11,January,17.92014,0.72699787
Zharug,1600m,Transect1,ZHALTN028,P5,20C,Ctmin,6.3,20,8,28,Y2015,11,January,17.92014,0.72699787
Zharug,1600m,Transect1,ZHALTN029,P5,20C,Ctmin,6.2,17,7,27,Y2015,11,January,17.92014,0.72699787
Zharug,1600m,Transect1,ZHALTN030,P5,20C,Ctmin,8.2,16,6,26,Y2015,11,January,17.92014,0.72699787
Zharug,1600m,Transect1,ZHALTN031,P5,20C,Ctmin,6.8,21,6,29,Y2015,11,January,17.92014,0.72699787
Zharug,1600m,Transect1,ZHALTN032,P5,20C,Ctmin,7.2,22,7,29,Y2015,11,January,17.92014,0.72699787
Zharug,1600m,Transect1,ZHALTN033,P5,20C,Ctmin,6.8,16,5,25,Y2015,11,January,17.92014,0.72699787
Zharug,1600m,Transect1,ZHALTN034,P5,20C,Ctmin,8.4,18,6,26,Y2015,11,January,17.92014,0.72699787
Zharug,1600m,Transect1,ZHAMIDN001,P5,24C,Ctmin,8,24,8,30,Y2014,10,May,17.92014,0.72699787
Zharug,1600m,Transect1,ZHAMIDN002,P5,24C,Ctmin,8.4,30,9,38,Y2014,10,May,17.92014,0.72699787
Zharug,1600m,Transect1,ZHAMIDN003,P5,24C,Ctmin,7.7,27,9,35,Y2014,10,May,17.92014,0.72699787
Zharug,1600m,Transect1,ZHAMIDN005,P5,24C,Ctmin,7.2,26,9,31,Y2014,10,May,17.92014,0.72699787
Zharug,1600m,Transect1,ZHAMIDN006,P5,24C,Ctmin,7.3,24,8.5,34,Y2014,10,May,17.92014,0.72699787
Zharug,1600m,Transect1,ZHAMIDN007,P5,24C,Ctmin,8.4,22,9,34,Y2014,10,May,17.92014,0.72699787
Zharug,1600m,Transect1,ZHAMIDN008,P5,24C,Ctmin,8,27,9,36,Y2014,10,May,17.92014,0.72699787
Zharug,1600m,Transect1,ZHAMIDN013,P5,24C,Ctmin,7.4,23,8,32,Y2014,11,May,17.92014,0.72699787
Zharug,1600m,Transect1,ZHAMIDN014,P5,24C,Ctmin,8,29,10,37,Y2014,11,May,17.92014,0.72699787
Zharug,1600m,Transect1,ZHAMIDN015,P5,24C,Ctmin,7.7,27,10,35,Y2014,11,May,17.92014,0.72699787
Zharug,1600m,Transect1,ZHAMIDN016,P5,24C,Ctmin,7.1,28,10,36,Y2014,11,May,17.92014,0.72699787
Zharug,1600m,Transect1,ZHAMIDN017,P5,24C,Ctmin,7.6,30,9,37,Y2014,11,May,17.92014,0.72699787
Zharug,1600m,Transect1,ZHAMIDN018,P5,24C,Ctmin,7.5,29,9,36,Y2014,11,May,17.92014,0.72699787
Zharug,1600m,Transect1,ZHAMIDN019,P5,24C,Ctmin,8.4,28,9,36,Y2014,11,May,17.92014,0.72699787
Zharug,1600m,Transect1,ZHAMIDN020,P5,24C,Ctmin,7.5,29,10,36,Y2014,11,May,17.92014,0.72699787
Zharug,1600m,Transect1,ZHAMIDN021,P5,24C,Ctmin,7.7,14,6,26,Y2015,8,January,17.92014,0.72699787
Zharug,1600m,Transect1,ZHAMIDN022,P5,24C,Ctmin,7.9,15,5,25,Y2015,8,January,17.92014,0.72699787
Zharug,1600m,Transect1,ZHAMIDN023,P5,24C,Ctmin,8,17,6,25,Y2015,8,January,17.92014,0.72699787
Zharug,1600m,Transect1,ZHAMIDN024,P5,24C,Ctmin,8,16,6,25,Y2015,8,January,17.92014,0.72699787
Zharug,1600m,Transect1,ZHAMIDN025,P5,24C,Ctmin,8.6,16,6,25,Y2015,8,January,17.92014,0.72699787
Zharug,1600m,Transect1,ZHAMIDN026,P5,24C,Ctmin,8.8,16,7,25,Y2015,8,January,17.92014,0.72699787
Zharug,1600m,Transect1,ZHAMIDN027,P5,24C,Ctmin,8,20,8,28,Y2015,8,January,17.92014,0.72699787
Zharug,1600m,Transect1,ZHAMIDN028,P5,24C,Ctmin,8.4,16,7,25,Y2015,8,January,17.92014,0.72699787
Zharug,1600m,Transect1,ZHAMIDN029,P5,24C,Ctmin,8,17,6,25,Y2015,8,January,17.92014,0.72699787
Zharug,1600m,Transect1,ZHAMIDN030,P5,24C,Ctmin,7.6,13,5,25,Y2015,8,January,17.92014,0.72699787
Zharug,1600m,Transect1,ZHAMIDN031,P5,24C,Ctmin,7.8,13,5,25,Y2015,8,January,17.92014,0.72699787
Zharug,1600m,Transect1,ZHAMIDN032,P5,24C,Ctmin,7.5,17,5,25,Y2015,8,January,17.92014,0.72699787
Zharug,1600m,Transect1,ZHAMIDN033,P5,24C,Ctmin,9.7,16,6,25,Y2015,8,January,17.92014,0.72699787
Zharug,1600m,Transect1,ZHAMIDN034,P5,24C,Ctmin,7.5,17,7,26,Y2015,8,January,17.92014,0.72699787
Zharug,1600m,Transect1,ZHAMIDN035,P5,24C,Ctmin,7.5,16,7,25,Y2015,8,January,17.92014,0.72699787
Zharug,1600m,Transect1,ZHAMIDN036,P5,24C,Ctmin,8.9,20,8,29,Y2015,8,January,17.92014,0.72699787
Moromoro,900m,Transect2,MORHTN001,P4,28C,Ctmin,9.5,20,7,29,Y2015,10,February,20.71414,0.36155088
Moromoro,900m,Transect2,MORHTN002,P4,28C,Ctmin,9.9,17,6,26,Y2015,10,February,20.71414,0.36155088
Moromoro,900m,Transect2,MORHTN003,P4,28C,Ctmin,8.7,16,5.5,25,Y2015,10,February,20.71414,0.36155088
Moromoro,900m,Transect2,MORHTN004,P4,28C,Ctmin,8.9,17,6,27,Y2015,10,February,20.71414,0.36155088
Moromoro,900m,Transect2,MORHTN005,P4,28C,Ctmin,8.1,17,6,26,Y2015,10,February,20.71414,0.36155088
Moromoro,900m,Transect2,MORHTN006,P4,28C,Ctmin,8.5,17,6,26,Y2015,10,February,20.71414,0.36155088
Moromoro,900m,Transect2,MORHTN007,P4,28C,Ctmin,7.6,20,7,28,Y2015,10,February,20.71414,0.36155088
Moromoro,900m,Transect2,MORHTN008,P4,28C,Ctmin,7.6,12,5,25,Y2015,10,February,20.71414,0.36155088
Moromoro,900m,Transect2,MORHTN009,P4,28C,Ctmin,9.1,17,6,22,Y2015,10,February,20.71414,0.36155088
Moromoro,900m,Transect2,MORHTN010,P4,28C,Ctmin,8,13,5,25,Y2015,10,February,20.71414,0.36155088
Moromoro,900m,Transect2,MORHTN011,P4,28C,Ctmin,7.8,17,6,26,Y2015,10,February,20.71414,0.36155088
Moromoro,900m,Transect2,MORHTN012,P4,28C,Ctmin,7.6,14,5,25,Y2015,10,February,20.71414,0.36155088
Moromoro,900m,Transect2,MORHTN013,P4,28C,Ctmin,8.1,13,5,25,Y2015,5,March,20.71414,0.36155088
Moromoro,900m,Transect2,MORHTN014,P4,28C,Ctmin,8.3,12,4,25,Y2015,5,March,20.71414,0.36155088
Moromoro,900m,Transect2,MORHTN015,P4,28C,Ctmin,8.5,15,5,25,Y2015,5,March,20.71414,0.36155088
Moromoro,900m,Transect2,MORHTN016,P4,28C,Ctmin,9.4,14,5,25,Y2015,5,March,20.71414,0.36155088
Moromoro,900m,Transect2,MORHTN017,P4,28C,Ctmin,7.1,17,6,27,Y2015,5,March,20.71414,0.36155088
Moromoro,900m,Transect2,MORHTN018,P4,28C,Ctmin,8,14,6,26,Y2015,5,March,20.71414,0.36155088
Moromoro,900m,Transect2,MORHTN019,P4,28C,Ctmin,7.4,15,5,26,Y2015,5,March,20.71414,0.36155088
Moromoro,900m,Transect2,MORHTN020,P4,28C,Ctmin,8.9,15,5,26,Y2015,5,March,20.71414,0.36155088
Moromoro,900m,Transect2,MORHTN021,P4,28C,Ctmin,8.3,12,4,25,Y2015,5,March,20.71414,0.36155088
Moromoro,900m,Transect2,MORHTN022,P4,28C,Ctmin,9.2,17,5.5,26,Y2015,5,March,20.71414,0.36155088
Moromoro,900m,Transect2,MORHTN023,P4,28C,Ctmin,9.3,15,5.5,26,Y2015,5,March,20.71414,0.36155088
Moromoro,900m,Transect2,MORHTN024,P4,28C,Ctmin,7.9,24,5.5,26,Y2015,5,March,20.71414,0.36155088
Moromoro,900m,Transect2,MORLTN001,P4,20C,Ctmin,8.3,15,5,25,Y2015,9,February,20.71414,0.36155088
Moromoro,900m,Transect2,MORLTN002,P4,20C,Ctmin,7.7,17,6,27,Y2015,9,February,20.71414,0.36155088
Moromoro,900m,Transect2,MORLTN003,P4,20C,Ctmin,7.6,15,5,26,Y2015,9,February,20.71414,0.36155088
Moromoro,900m,Transect2,MORLTN004,P4,20C,Ctmin,7.9,20,7,27,Y2015,9,February,20.71414,0.36155088
Moromoro,900m,Transect2,MORLTN005,P4,20C,Ctmin,8.2,15,5,25,Y2015,9,February,20.71414,0.36155088
Moromoro,900m,Transect2,MORLTN006,P4,20C,Ctmin,7.2,14,5.5,25,Y2015,9,February,20.71414,0.36155088
Moromoro,900m,Transect2,MORLTN007,P4,20C,Ctmin,7.6,19,7,29,Y2015,9,February,20.71414,0.36155088
Moromoro,900m,Transect2,MORLTN008,P4,20C,Ctmin,8.7,16,5,27,Y2015,9,February,20.71414,0.36155088
Moromoro,900m,Transect2,MORLTN009,P4,20C,Ctmin,8,17,6,25,Y2015,9,February,20.71414,0.36155088
Moromoro,900m,Transect2,MORLTN010,P4,20C,Ctmin,7.6,18,6.5,28,Y2015,9,February,20.71414,0.36155088
Moromoro,900m,Transect2,MORLTN011,P4,20C,Ctmin,7.1,20,7,27,Y2015,9,February,20.71414,0.36155088
Moromoro,900m,Transect2,MORLTN012,P4,20C,Ctmin,7.5,18,6,27,Y2015,9,February,20.71414,0.36155088
Moromoro,900m,Transect2,MORLTN013,P4,20C,Ctmin,7.9,18,7,26,Y2015,7,March,20.71414,0.36155088
Moromoro,900m,Transect2,MORLTN014,P4,20C,Ctmin,7.2,20,7,28,Y2015,7,March,20.71414,0.36155088
Moromoro,900m,Transect2,MORLTN015,P4,20C,Ctmin,7.4,21,7.5,29,Y2015,7,March,20.71414,0.36155088
Moromoro,900m,Transect2,MORLTN016,P4,20C,Ctmin,7.2,19,6,26,Y2015,7,March,20.71414,0.36155088
Moromoro,900m,Transect2,MORLTN017,P4,20C,Ctmin,7.5,11,4,25,Y2015,7,March,20.71414,0.36155088
Moromoro,900m,Transect2,MORLTN019,P4,20C,Ctmin,8.3,15,5,25,Y2015,7,March,20.71414,0.36155088
Moromoro,900m,Transect2,MORLTN020,P4,20C,Ctmin,8,18,6,27,Y2015,7,March,20.71414,0.36155088
Moromoro,900m,Transect2,MORLTN021,P4,20C,Ctmin,7.5,18,6.5,27,Y2015,7,March,20.71414,0.36155088
Moromoro,900m,Transect2,MORLTN022,P4,20C,Ctmin,8.3,16,5,26,Y2015,7,March,20.71414,0.36155088
Moromoro,900m,Transect2,MORLTN024,P4,20C,Ctmin,8.4,18,7,27,Y2015,7,March,20.71414,0.36155088
Moromoro,900m,Transect2,MORLTN025,P4,20C,Ctmin,8.3,20,7,28,Y2015,7,March,20.71414,0.36155088
Moromoro,900m,Transect2,MORMIDN001,P4,24C,Ctmin,8.7,17,5,26,Y2015,8,February,20.71414,0.36155088
Moromoro,900m,Transect2,MORMIDN002,P4,24C,Ctmin,8.6,15,6,26,Y2015,8,February,20.71414,0.36155088
Moromoro,900m,Transect2,MORMIDN003,P4,24C,Ctmin,8.4,16,6,26,Y2015,8,February,20.71414,0.36155088
Moromoro,900m,Transect2,MORMIDN004,P4,24C,Ctmin,8.2,18,6,27,Y2015,8,February,20.71414,0.36155088
Moromoro,900m,Transect2,MORMIDN005,P4,24C,Ctmin,8.3,15,5,26,Y2015,8,February,20.71414,0.36155088
Moromoro,900m,Transect2,MORMIDN006,P4,24C,Ctmin,8,16,5,27,Y2015,8,February,20.71414,0.36155088
Moromoro,900m,Transect2,MORMIDN007,P4,24C,Ctmin,8.8,16,6,26,Y2015,8,February,20.71414,0.36155088
Moromoro,900m,Transect2,MORMIDN008,P4,24C,Ctmin,7.8,22,7,31,Y2015,8,February,20.71414,0.36155088
Moromoro,900m,Transect2,MORMIDN009,P4,24C,Ctmin,9.9,14,6,27,Y2015,8,February,20.71414,0.36155088
Moromoro,900m,Transect2,MORMIDN010,P4,24C,Ctmin,9.5,18,6,27,Y2015,8,February,20.71414,0.36155088
Moromoro,900m,Transect2,MORMIDN012,P4,24C,Ctmin,7.9,16,6,26,Y2015,8,February,20.71414,0.36155088
Moromoro,900m,Transect2,MORMIDN013,P4,24C,Ctmin,7.7,12,4.5,25,Y2015,6,March,20.71414,0.36155088
Moromoro,900m,Transect2,MORMIDN014,P4,24C,Ctmin,7.6,13,4,25,Y2015,6,March,20.71414,0.36155088
Moromoro,900m,Transect2,MORMIDN015,P4,24C,Ctmin,7.4,14,5,26,Y2015,6,March,20.71414,0.36155088
Moromoro,900m,Transect2,MORMIDN016,P4,24C,Ctmin,7.3,15,6,26,Y2015,6,March,20.71414,0.36155088
Moromoro,900m,Transect2,MORMIDN017,P4,24C,Ctmin,8.4,14,5,25,Y2015,6,March,20.71414,0.36155088
Moromoro,900m,Transect2,MORMIDN018,P4,24C,Ctmin,7.5,19,7,26,Y2015,6,March,20.71414,0.36155088
Moromoro,900m,Transect2,MORMIDN019,P4,24C,Ctmin,7.4,21,6,27,Y2015,6,March,20.71414,0.36155088
Moromoro,900m,Transect2,MORMIDN020,P4,24C,Ctmin,9.3,12,4,25,Y2015,6,March,20.71414,0.36155088
Moromoro,900m,Transect2,MORMIDN021,P4,24C,Ctmin,8.2,15,5,26,Y2015,6,March,20.71414,0.36155088
Moromoro,900m,Transect2,MORMIDN022,P4,24C,Ctmin,7.9,19,7,26,Y2015,6,March,20.71414,0.36155088
Moromoro,900m,Transect2,MORMIDN023,P4,24C,Ctmin,7.3,15,5,25,Y2015,6,March,20.71414,0.36155088
Moromoro,900m,Transect2,MORMIDN024,P4,24C,Ctmin,7.4,16,6,26,Y2015,6,March,20.71414,0.36155088
Paccha,1700m,Transect2,PACHTN001,P6,28C,Ctmin,8.5,17,6,26,Y2015,10,February,19.52651,0.02248857
Paccha,1700m,Transect2,PACHTN002,P6,28C,Ctmin,8.9,15,5,25,Y2015,10,February,19.52651,0.02248857
Paccha,1700m,Transect2,PACHTN003,P6,28C,Ctmin,7.6,15,5,25,Y2015,10,February,19.52651,0.02248857
Paccha,1700m,Transect2,PACHTN004,P6,28C,Ctmin,8.2,15,5,25,Y2015,10,February,19.52651,0.02248857
Paccha,1700m,Transect2,PACHTN005,P6,28C,Ctmin,9,16,6,27,Y2015,10,February,19.52651,0.02248857
Paccha,1700m,Transect2,PACHTN006,P6,28C,Ctmin,7.4,15,5,26,Y2015,10,February,19.52651,0.02248857
Paccha,1700m,Transect2,PACHTN007,P6,28C,Ctmin,8.2,15,5,25,Y2015,10,February,19.52651,0.02248857
Paccha,1700m,Transect2,PACHTN008,P6,28C,Ctmin,8.3,14,5,25,Y2015,10,February,19.52651,0.02248857
Paccha,1700m,Transect2,PACHTN009,P6,28C,Ctmin,8.7,16,6,25,Y2015,10,February,19.52651,0.02248857
Paccha,1700m,Transect2,PACHTN010,P6,28C,Ctmin,7.8,17,6,26,Y2015,10,February,19.52651,0.02248857
Paccha,1700m,Transect2,PACHTN011,P6,28C,Ctmin,7.5,16,6,26,Y2015,10,February,19.52651,0.02248857
Paccha,1700m,Transect2,PACHTN012,P6,28C,Ctmin,8.5,18,5,25,Y2015,10,February,19.52651,0.02248857
Paccha,1700m,Transect2,PACHTN013,P6,28C,Ctmin,8.1,14,5,25,Y2015,5,March,19.52651,0.02248857
Paccha,1700m,Transect2,PACHTN014,P6,28C,Ctmin,7.5,14,5,25,Y2015,5,March,19.52651,0.02248857
Paccha,1700m,Transect2,PACHTN015,P6,28C,Ctmin,9.7,14,5,25,Y2015,5,March,19.52651,0.02248857
Paccha,1700m,Transect2,PACHTN016,P6,28C,Ctmin,8.5,15,5,25,Y2015,5,March,19.52651,0.02248857
Paccha,1700m,Transect2,PACHTN017,P6,28C,Ctmin,9.2,15,5.5,26,Y2015,5,March,19.52651,0.02248857
Paccha,1700m,Transect2,PACHTN018,P6,28C,Ctmin,9.1,15,5,25,Y2015,5,March,19.52651,0.02248857
Paccha,1700m,Transect2,PACHTN019,P6,28C,Ctmin,7.8,15,5.5,25,Y2015,5,March,19.52651,0.02248857
Paccha,1700m,Transect2,PACHTN020,P6,28C,Ctmin,7.7,15,6,25,Y2015,5,March,19.52651,0.02248857
Paccha,1700m,Transect2,PACHTN021,P6,28C,Ctmin,7.1,16,5,26,Y2015,5,March,19.52651,0.02248857
Paccha,1700m,Transect2,PACHTN022,P6,28C,Ctmin,7.6,15,5,26,Y2015,5,March,19.52651,0.02248857
Paccha,1700m,Transect2,PACHTN023,P6,28C,Ctmin,7.1,15,5.5,25,Y2015,5,March,19.52651,0.02248857
Paccha,1700m,Transect2,PACHTN024,P6,28C,Ctmin,7.8,18,6,27,Y2015,5,March,19.52651,0.02248857
Paccha,1700m,Transect2,PACLTN001,P6,20C,Ctmin,6.6,24,9,31,Y2015,9,February,19.52651,0.02248857
Paccha,1700m,Transect2,PACLTN002,P6,20C,Ctmin,6.7,19,7,28,Y2015,9,February,19.52651,0.02248857
Paccha,1700m,Transect2,PACLTN003,P6,20C,Ctmin,6.8,15,5,26,Y2015,9,February,19.52651,0.02248857
Paccha,1700m,Transect2,PACLTN004,P6,20C,Ctmin,6.5,19,6.5,28,Y2015,9,February,19.52651,0.02248857
Paccha,1700m,Transect2,PACLTN005,P6,20C,Ctmin,7.6,14,5,25,Y2015,9,February,19.52651,0.02248857
Paccha,1700m,Transect2,PACLTN006,P6,20C,Ctmin,7.4,17,6,26,Y2015,9,February,19.52651,0.02248857
Paccha,1700m,Transect2,PACLTN007,P6,20C,Ctmin,6.4,16,6,28,Y2015,9,February,19.52651,0.02248857
Paccha,1700m,Transect2,PACLTN008,P6,20C,Ctmin,7.3,15,5,26,Y2015,9,February,19.52651,0.02248857
Paccha,1700m,Transect2,PACLTN009,P6,20C,Ctmin,7.6,16,6.5,26,Y2015,9,February,19.52651,0.02248857
Paccha,1700m,Transect2,PACLTN010,P6,20C,Ctmin,7.2,11,5,25,Y2015,9,February,19.52651,0.02248857
Paccha,1700m,Transect2,PACLTN011,P6,20C,Ctmin,7.9,16,6,27,Y2015,9,February,19.52651,0.02248857
Paccha,1700m,Transect2,PACLTN012,P6,20C,Ctmin,8,16,6,26,Y2015,9,February,19.52651,0.02248857
Paccha,1700m,Transect2,PACLTN013,P6,20C,Ctmin,7.1,14,5.5,25,Y2015,7,March,19.52651,0.02248857
Paccha,1700m,Transect2,PACLTN015,P6,20C,Ctmin,7,11,5,25,Y2015,7,March,19.52651,0.02248857
Paccha,1700m,Transect2,PACLTN016,P6,20C,Ctmin,7.6,14,6,26,Y2015,7,March,19.52651,0.02248857
Paccha,1700m,Transect2,PACLTN017,P6,20C,Ctmin,8,18,6,26,Y2015,7,March,19.52651,0.02248857
Paccha,1700m,Transect2,PACLTN020,P6,20C,Ctmin,7.8,16,6,26,Y2015,7,March,19.52651,0.02248857
Paccha,1700m,Transect2,PACLTN021,P6,20C,Ctmin,7.5,18,5,25,Y2015,7,March,19.52651,0.02248857
Paccha,1700m,Transect2,PACLTN022,P6,20C,Ctmin,7.6,12,5,25,Y2015,7,March,19.52651,0.02248857
Paccha,1700m,Transect2,PACLTN023,P6,20C,Ctmin,8.9,13,5,25,Y2015,7,March,19.52651,0.02248857
Paccha,1700m,Transect2,PACLTN024,P6,20C,Ctmin,7,27,9,36,Y2015,7,March,19.52651,0.02248857
Paccha,1700m,Transect2,PACMIDN001,P6,24C,Ctmin,8,16,6,26,Y2015,8,February,19.52651,0.02248857
Paccha,1700m,Transect2,PACMIDN002,P6,24C,Ctmin,7.7,16,5,26,Y2015,8,February,19.52651,0.02248857
Paccha,1700m,Transect2,PACMIDN003,P6,24C,Ctmin,7.3,18,6,27,Y2015,8,February,19.52651,0.02248857
Paccha,1700m,Transect2,PACMIDN004,P6,24C,Ctmin,7.5,14,5.5,26,Y2015,8,February,19.52651,0.02248857
Paccha,1700m,Transect2,PACMIDN005,P6,24C,Ctmin,7.8,15,5,26,Y2015,8,February,19.52651,0.02248857
Paccha,1700m,Transect2,PACMIDN006,P6,24C,Ctmin,8.1,15,5.5,26,Y2015,8,February,19.52651,0.02248857
Paccha,1700m,Transect2,PACMIDN007,P6,24C,Ctmin,7.3,12,5,25,Y2015,8,February,19.52651,0.02248857
Paccha,1700m,Transect2,PACMIDN008,P6,24C,Ctmin,7.3,15,6,26,Y2015,8,February,19.52651,0.02248857
Paccha,1700m,Transect2,PACMIDN009,P6,24C,Ctmin,7.5,19,6,26,Y2015,8,February,19.52651,0.02248857
Paccha,1700m,Transect2,PACMIDN010,P6,24C,Ctmin,7.8,13,5,25,Y2015,8,February,19.52651,0.02248857
Paccha,1700m,Transect2,PACMIDN011,P6,24C,Ctmin,8.1,14,5,25,Y2015,8,February,19.52651,0.02248857
Paccha,1700m,Transect2,PACMIDN012,P6,24C,Ctmin,8.1,14,5,25,Y2015,8,February,19.52651,0.02248857
Paccha,1700m,Transect2,PACMIDN013,P6,24C,Ctmin,7.9,14,4,25,Y2015,6,March,19.52651,0.02248857
Paccha,1700m,Transect2,PACMIDN015,P6,24C,Ctmin,7.6,16,5.5,26,Y2015,6,March,19.52651,0.02248857
Paccha,1700m,Transect2,PACMIDN016,P6,24C,Ctmin,8,13,5,25,Y2015,6,March,19.52651,0.02248857
Paccha,1700m,Transect2,PACMIDN017,P6,24C,Ctmin,7.4,15,5.5,26,Y2015,6,March,19.52651,0.02248857
Paccha,1700m,Transect2,PACMIDN018,P6,24C,Ctmin,6.8,16,6,26,Y2015,6,March,19.52651,0.02248857
Paccha,1700m,Transect2,PACMIDN020,P6,24C,Ctmin,7,17,6,26,Y2015,6,March,19.52651,0.02248857
Paccha,1700m,Transect2,PACMIDN021,P6,24C,Ctmin,8.1,13,5,25,Y2015,7,March,19.52651,0.02248857
Paccha,1700m,Transect2,PACMIDN022,P6,24C,Ctmin,7.7,17,6,26,Y2015,7,March,19.52651,0.02248857
Paccha,1700m,Transect2,PACMIDN023,P6,24C,Ctmin,7.2,17,6,28,Y2015,7,March,19.52651,0.02248857
Paccha,1700m,Transect2,PACMIDN024,P6,24C,Ctmin,7.4,17,6,27,Y2015,7,March,19.52651,0.02248857
Saracay,300m,Transect2,SARHTN002,P2,28C,Ctmin,8.1,20,7,29,Y2015,10,February,NA,NA
Saracay,300m,Transect2,SARHTN004,P2,28C,Ctmin,9.3,15,5.5,25,Y2015,10,February,NA,NA
Saracay,300m,Transect2,SARHTN005,P2,28C,Ctmin,9.2,16,5,26,Y2015,10,February,NA,NA
Saracay,300m,Transect2,SARHTN006,P2,28C,Ctmin,9,17,5,28,Y2015,10,February,NA,NA
Saracay,300m,Transect2,SARHTN007,P2,28C,Ctmin,8.5,17,6,27,Y2015,10,February,NA,NA
Saracay,300m,Transect2,SARHTN008,P2,28C,Ctmin,8.9,16,6,28,Y2015,10,February,NA,NA
Saracay,300m,Transect2,SARHTN009,P2,28C,Ctmin,9.4,15,5,25,Y2015,10,February,NA,NA
Saracay,300m,Transect2,SARHTN010,P2,28C,Ctmin,8.9,23,8,33,Y2015,10,February,NA,NA
Saracay,300m,Transect2,SARHTN011,P2,28C,Ctmin,8.7,17,6,28,Y2015,10,February,NA,NA
Saracay,300m,Transect2,SARHTN012,P2,28C,Ctmin,7.9,18,6,28,Y2015,10,February,NA,NA
Saracay,300m,Transect2,SARHTN013,P2,28C,Ctmin,9.1,16,6,27,Y2015,5,March,NA,NA
Saracay,300m,Transect2,SARHTN014,P2,28C,Ctmin,8.9,20,7,28,Y2015,5,March,NA,NA
Saracay,300m,Transect2,SARHTN015,P2,28C,Ctmin,9.6,14,5,26,Y2015,5,March,NA,NA
Saracay,300m,Transect2,SARHTN016,P2,28C,Ctmin,9.4,12,4,25,Y2015,5,March,NA,NA
Saracay,300m,Transect2,SARHTN017,P2,28C,Ctmin,8.6,22,7.5,32,Y2015,5,March,NA,NA
Saracay,300m,Transect2,SARHTN018,P2,28C,Ctmin,9.6,13,4,25,Y2015,5,March,NA,NA
Saracay,300m,Transect2,SARHTN019,P2,28C,Ctmin,8.2,26,9,36,Y2015,5,March,NA,NA
Saracay,300m,Transect2,SARHTN020,P2,28C,Ctmin,10,14,5.5,26,Y2015,5,March,NA,NA
Saracay,300m,Transect2,SARLTN001,P2,20C,Ctmin,6.9,14,5,25,Y2015,9,February,NA,NA
Saracay,300m,Transect2,SARLTN002,P2,20C,Ctmin,7.4,15,5,25,Y2015,9,February,NA,NA
Saracay,300m,Transect2,SARLTN003,P2,20C,Ctmin,7,14,4.5,25,Y2015,9,February,NA,NA
Saracay,300m,Transect2,SARLTN004,P2,20C,Ctmin,6.5,20,6.5,29,Y2015,9,February,NA,NA
Saracay,300m,Transect2,SARLTN005,P2,20C,Ctmin,9.5,15,5,26,Y2015,9,February,NA,NA
Saracay,300m,Transect2,SARLTN006,P2,20C,Ctmin,7.9,15,5,25,Y2015,9,February,NA,NA
Saracay,300m,Transect2,SARLTN007,P2,20C,Ctmin,8.1,15,5,25,Y2015,9,February,NA,NA
Saracay,300m,Transect2,SARLTN008,P2,20C,Ctmin,7.5,14,5,25,Y2015,9,February,NA,NA
Saracay,300m,Transect2,SARLTN009,P2,20C,Ctmin,6.3,15,5,26,Y2015,9,February,NA,NA
Saracay,300m,Transect2,SARLTN010,P2,20C,Ctmin,7.1,12,5,26,Y2015,9,February,NA,NA
Saracay,300m,Transect2,SARLTN011,P2,20C,Ctmin,7.3,13,5,25,Y2015,9,February,NA,NA
Saracay,300m,Transect2,SARLTN012,P2,20C,Ctmin,7.3,13,5,25,Y2015,9,February,NA,NA
Saracay,300m,Transect2,SARLTN013,P2,20C,Ctmin,7.5,17,6,28,Y2015,5,March,NA,NA
Saracay,300m,Transect2,SARLTN014,P2,20C,Ctmin,8.5,14,4.5,25,Y2015,5,March,NA,NA
Saracay,300m,Transect2,SARLTN015,P2,20C,Ctmin,8.2,27,9,37,Y2015,5,March,NA,NA
Saracay,300m,Transect2,SARLTN016,P2,20C,Ctmin,7.3,18,5,25,Y2015,5,March,NA,NA
Saracay,300m,Transect2,SARLTN017,P2,20C,Ctmin,8.3,19,6.5,28,Y2015,5,March,NA,NA
Saracay,300m,Transect2,SARLTN018,P2,20C,Ctmin,7.8,18,6,26,Y2015,5,March,NA,NA
Saracay,300m,Transect2,SARLTN019,P2,20C,Ctmin,7.7,12,4,25,Y2015,5,March,NA,NA
Saracay,300m,Transect2,SARLTN020,P2,20C,Ctmin,7.9,16,5.5,26,Y2015,5,March,NA,NA
Saracay,300m,Transect2,SARMIDN001,P2,24C,Ctmin,9.1,13,4.5,25,Y2015,8,February,NA,NA
Saracay,300m,Transect2,SARMIDN002,P2,24C,Ctmin,9.1,15,5,25,Y2015,8,February,NA,NA
Saracay,300m,Transect2,SARMIDN003,P2,24C,Ctmin,9.2,13,4.5,25,Y2015,8,February,NA,NA
Saracay,300m,Transect2,SARMIDN004,P2,24C,Ctmin,8.6,15,5,26,Y2015,8,February,NA,NA
Saracay,300m,Transect2,SARMIDN005,P2,24C,Ctmin,8.8,24,7,34,Y2015,8,February,NA,NA
Saracay,300m,Transect2,SARMIDN006,P2,24C,Ctmin,8.5,15,5,25,Y2015,8,February,NA,NA
Saracay,300m,Transect2,SARMIDN007,P2,24C,Ctmin,8.6,13,4.5,25,Y2015,8,February,NA,NA
Saracay,300m,Transect2,SARMIDN008,P2,24C,Ctmin,8.6,18,6,27,Y2015,8,February,NA,NA
Saracay,300m,Transect2,SARMIDN009,P2,24C,Ctmin,8.4,13,4,25,Y2015,8,February,NA,NA
Saracay,300m,Transect2,SARMIDN010,P2,24C,Ctmin,9,13,4.5,25,Y2015,8,February,NA,NA
Saracay,300m,Transect2,SARMIDN011,P2,24C,Ctmin,8.5,25,8,36,Y2015,8,February,NA,NA
Saracay,300m,Transect2,SARMIDN012,P2,24C,Ctmin,8.7,14,5,25,Y2015,8,February,NA,NA
Saracay,300m,Transect2,SARMIDN014,P2,24C,Ctmin,8.9,14,5,28,Y2015,6,March,NA,NA
Saracay,300m,Transect2,SARMIDN015,P2,24C,Ctmin,8.3,14,5,28,Y2015,6,March,NA,NA
Saracay,300m,Transect2,SARMIDN016,P2,24C,Ctmin,8.6,13,4.5,25,Y2015,6,March,NA,NA
Saracay,300m,Transect2,SARMIDN017,P2,24C,Ctmin,8.4,15,6,28,Y2015,6,March,NA,NA
Saracay,300m,Transect2,SARMIDN018,P2,24C,Ctmin,8,12,4,25,Y2015,6,March,NA,NA
Saracay,300m,Transect2,SARMIDN019,P2,24C,Ctmin,7.8,25,8,37,Y2015,6,March,NA,NA
Saracay,300m,Transect2,SARMIDN020,P2,24C,Ctmin,7.8,17,6,27,Y2015,6,March,NA,NA